away_team_id,home_team_id,score
11,48,1
46,32,3
15,13,2
11,47,1
50,1,3
10,24,1
36,39,2
14,8,3
38,48,1
6,31,1
3,26,1
43,4,3
39,46,1
4,41,1
13,20,1
14,33,1
2,8,1
8,15,1
24,40,1
27,42,1
34,27,3
32,20,3
9,29,1
3,33,1
44,30,3
39,44,1
7,5,2
49,15,3
4,50,1
21,45,1
34,27,3
47,45,2
8,1,3
31,12,3
31,10,3
41,10,3
27,45,1
13,50,1
14,13,2
26,13,3
23,32,1
50,34,3
11,14,2
48,28,3
33,20,3
3,25,1
1,27,1
31,4,3
3,29,1
34,8,3
17,3,3
5,24,1
28,6,3
6,27,1
37,31,3
25,17,3
3,5,2
38,11,3
41,46,1
18,21,2
34,32,2
41,5,3
34,43,1
30,6,3
14,44,1
11,25,1
47,1,3
15,2,3
46,22,3
36,17,3
47,13,3
39,38,2
21,47,1
6,38,1
1,24,1
43,47,2
36,41,1
33,48,1
15,45,1
7,29,1
42,32,3
9,13,2
28,46,1
2,3,2
36,26,3
48,12,3
10,9,2
15,12,2
45,39,3
22,6,3
46,27,3
29,15,3
29,21,3
44,34,3
32,17,3
47,23,3
13,11,2
41,28,3
34,11,3
32,17,3
29,32,2
36,48,1
32,33,2
45,17,3
3,33,1
3,16,1
27,40,1
20,29,1
23,27,2
6,15,1
36,40,2
32,36,2
1,12,1
38,27,3
42,18,3
50,34,3
38,15,3
38,41,2
18,14,2
1,16,1
16,1,3
32,4,3
14,48,1
11,32,1
40,32,3
30,37,1
33,42,1
27,14,3
36,10,3
25,30,1
33,30,2
37,42,1
37,27,3
24,27,2
10,48,1
32,25,3
43,18,3
14,37,1
4,27,1
30,50,1
21,16,3
21,47,1
13,28,1
7,42,1
10,13,2
26,18,3
42,16,3
21,37,1
30,48,1
32,46,1
22,40,1
50,21,3
36,16,3
42,19,3
30,21,3
40,18,3
20,31,1
35,8,3
32,34,2
20,43,1
47,35,3
26,19,3
42,14,3
40,11,3
48,8,3
6,32,1
20,26,1
3,34,1
10,47,1
22,11,3
38,21,3
6,24,1
45,7,3
9,42,1
24,49,1
42,1,3
17,12,3
20,5,3
36,20,3
49,34,3
23,38,1
36,47,1
46,42,2
8,48,1
38,29,3
19,25,1
9,46,1
44,20,3
39,26,3
7,30,1
37,26,3
13,30,1
37,39,2
20,8,3
11,15,2
44,6,3
48,24,3
1,39,1
4,3,2
25,10,3
21,48,1
14,36,1
1,34,1
34,3,3
30,25,3
19,4,3
3,33,1
23,19,2
40,30,3
45,37,3
36,37,2
20,15,3
44,45,2
41,7,3
40,1,3
25,31,1
23,5,3
13,42,1
35,41,1
33,43,1
25,33,1
13,41,1
16,17,2
13,12,2
2,49,1
12,27,1
25,29,2
24,14,3
8,40,1
1,14,1
49,12,3
28,50,1
3,14,1
14,41,1
39,21,3
27,41,1
38,27,3
22,11,3
9,17,1
41,48,1
31,26,3
37,35,2
1,13,1
29,11,3
1,19,1
46,35,3
4,11,1
27,49,1
3,47,1
3,30,1
6,13,1
13,35,1
31,26,3
41,13,3
22,49,1
47,7,3
35,1,3
35,15,3
2,44,1
13,17,2
3,50,1
36,40,2
30,25,3
29,23,3
36,48,1
48,5,3
13,32,1
10,22,1
40,45,1
14,24,1
14,18,2
25,17,3
16,41,1
38,2,3
22,9,3
23,44,1
35,6,3
46,43,2
49,34,3
23,17,3
14,37,1
9,6,2
37,40,2
39,35,2
21,23,2
5,20,1
46,17,3
1,5,2
39,50,1
49,43,3
6,23,1
5,36,1
19,42,1
18,25,1
50,46,2
11,38,1
20,31,1
29,21,3
8,1,3
28,43,1
39,42,2
42,19,3
18,17,2
36,37,2
4,38,1
24,9,3
28,10,3
36,7,3
15,18,2
23,15,3
9,21,1
8,31,1
38,12,3
29,33,2
10,25,1
39,43,2
43,38,3
8,24,1
33,45,1
30,20,3
21,26,1
14,27,1
29,46,1
1,25,1
3,9,1
18,48,1
44,12,3
49,35,3
29,31,2
40,2,3
13,1,3
31,49,1
22,40,1
26,31,1
43,36,3
32,45,1
15,10,3
32,8,3
10,39,1
5,38,1
38,24,3
49,48,2
25,16,3
30,42,1
15,43,1
6,4,2
32,25,3
35,30,3
21,38,1
38,9,3
9,21,1
26,6,3
14,29,1
13,29,1
11,28,1
44,34,3
23,6,3
50,37,3
23,31,1
10,3,3
15,30,1
5,19,1
42,3,3
10,34,1
38,30,3
43,5,3
1,34,1
39,5,3
38,16,3
10,4,3
17,14,2
27,6,3
30,6,3
37,23,3
33,38,1
4,18,1
16,25,1
47,35,3
22,18,2
30,38,1
5,34,1
47,19,3
14,42,1
42,2,3
3,24,1
47,17,3
10,45,1
12,38,1
50,29,3
45,21,3
20,28,1
48,7,3
26,28,2
46,29,3
38,33,3
47,27,3
9,34,1
32,37,1
38,37,2
20,29,1
32,1,3
10,27,1
6,45,1
21,33,1
21,29,1
47,7,3
5,50,1
17,49,1
46,31,3
32,27,3
28,27,2
46,30,3
47,26,3
43,31,3
32,40,1
32,11,3
39,37,2
6,48,1
22,13,3
45,34,3
23,35,1
22,4,3
18,43,1
20,1,3
13,32,1
6,8,2
19,23,2
25,27,2
38,30,3
10,8,2
32,9,3
33,23,3
40,49,1
24,33,1
27,32,1
20,45,1
3,8,1
3,41,1
33,41,1
1,21,1
22,9,3
4,31,1
30,23,3
45,23,3
3,44,1
48,39,3
11,34,1
48,36,3
49,41,3
2,18,1
43,9,3
25,23,2
28,46,1
50,45,3
14,31,1
28,37,1
33,9,3
17,44,1
16,42,1
9,13,2
35,20,3
9,20,1
28,15,3
11,4,3
26,9,3
10,45,1
30,15,3
13,42,1
15,25,1
4,23,1
4,19,1
38,19,3
36,21,3
27,41,1
50,43,3
38,3,3
33,20,3
13,32,1
11,28,1
11,1,3
17,14,2
44,45,2
34,50,1
11,41,1
50,35,3
24,41,1
29,38,1
31,3,3
5,3,2
50,18,3
14,50,1
36,24,3
27,45,1
33,15,3
4,8,2
28,30,2
34,45,1
12,21,1
45,47,2
49,35,3
29,11,3
37,3,3
35,39,2
8,17,1
32,27,3
25,17,3
40,42,2
12,40,1
30,9,3
34,14,3
7,40,1
12,8,2
49,37,3
13,49,1
14,27,1
16,23,1
13,2,3
20,26,1
23,3,3
8,4,2
22,43,1
24,13,3
3,50,1
5,9,2
4,33,1
5,34,1
34,1,3
12,5,3
18,46,1
24,25,2
37,48,1
33,15,3
23,31,1
36,12,3
16,24,1
45,17,3
44,9,3
27,22,3
1,44,1
23,34,1
15,40,1
30,37,1
47,39,3
10,40,1
14,13,2
24,3,3
2,19,1
29,25,2
15,30,1
21,45,1
14,23,1
19,9,3
33,8,3
33,40,1
29,25,2
16,11,3
29,12,3
12,28,1
49,29,3
48,32,3
30,42,1
13,38,1
48,9,3
38,47,1
41,1,3
34,44,1
9,15,1
36,18,3
45,15,3
11,22,1
7,2,3
12,24,1
17,10,3
30,50,1
45,42,2
25,7,3
31,7,3
34,30,2
32,24,3
30,17,3
4,2,2
19,38,1
45,23,3
22,14,3
18,43,1
17,18,2
46,24,3
15,38,1
17,15,2
3,42,1
49,16,3
42,45,2
2,31,1
23,8,3
41,34,3
37,44,1
19,39,1
35,16,3
5,23,1
41,11,3
7,11,2
48,5,3
13,47,1
3,16,1
26,3,3
14,38,1
34,2,3
21,17,2
14,25,1
17,22,1
26,24,2
7,20,1
45,19,3
27,24,2
42,23,3
27,7,3
9,24,1
24,4,3
30,13,3
2,23,1
20,21,2
11,33,1
41,33,3
49,41,3
15,18,2
21,19,2
7,37,1
23,12,3
3,45,1
10,32,1
24,7,3
14,32,1
7,24,1
48,28,3
6,29,1
31,43,1
27,43,1
7,38,1
32,23,3
40,24,3
16,31,1
30,14,3
44,3,3
46,3,3
10,2,3
33,24,3
8,1,3
9,49,1
6,27,1
33,31,2
7,50,1
13,44,1
33,37,2
25,22,2
29,45,1
34,9,3
39,48,1
10,38,1
4,6,2
41,15,3
20,40,1
11,48,1
7,31,1
33,28,3
44,27,3
13,39,1
36,37,2
18,12,3
17,11,3
29,43,1
39,33,3
6,14,1
37,20,3
38,46,1
31,6,3
10,5,3
11,16,1
40,45,1
26,1,3
11,7,2
47,41,3
20,25,1
14,40,1
20,19,2
2,5,2
31,47,1
3,43,1
45,35,3
29,4,3
7,46,1
25,10,3
1,6,1
7,45,1
4,42,1
3,43,1
13,31,1
22,48,1
41,32,3
6,18,1
43,19,3
8,27,1
31,28,2
17,15,2
48,28,3
3,42,1
45,29,3
50,44,3
42,36,3
14,1,3
25,7,3
20,7,3
15,13,2
25,11,3
41,3,3
36,43,1
27,9,3
21,46,1
29,14,3
11,41,1
28,38,1
35,24,3
3,19,1
43,26,3
7,47,1
32,39,1
31,27,2
2,16,1
24,48,1
28,33,1
3,9,1
27,10,3
19,6,3
20,16,2
42,36,3
37,16,3
35,6,3
43,26,3
42,44,2
33,17,3
5,29,1
37,36,2
46,6,3
21,38,1
37,8,3
17,25,1
44,8,3
15,46,1
6,18,1
9,8,2
38,11,3
14,42,1
30,24,3
19,43,1
45,12,3
23,43,1
24,5,3
8,41,1
26,43,1
29,36,1
29,1,3
41,25,3
3,45,1
30,22,3
10,27,1
8,32,1
8,4,2
41,2,3
18,4,3
22,19,2
24,37,1
40,20,3
49,33,3
23,47,1
26,33,1
50,32,3
18,39,1
5,42,1
37,10,3
12,30,1
35,41,1
38,22,3
35,26,3
5,29,1
47,26,3
37,13,3
29,2,3
37,43,1
46,7,3
25,3,3
27,22,3
21,40,1
41,16,3
9,21,1
13,7,3
11,26,1
19,4,3
5,6,2
2,50,1
16,6,3
39,7,3
47,7,3
8,39,1
43,48,1
42,7,3
20,45,1
37,47,1
27,47,1
2,38,1
8,30,1
45,38,3
4,14,1
15,46,1
40,47,1
2,48,1
6,42,1
46,8,3
30,35,1
27,36,1
35,40,1
45,29,3
43,39,2
17,40,1
44,17,3
37,46,1
41,18,3
38,42,2
30,7,3
49,36,3
18,16,2
1,17,1
12,28,1
47,9,3
7,41,1
5,50,1
6,17,1
9,39,1
40,15,3
2,12,1
17,42,1
23,21,2
31,1,3
14,42,1
25,18,3
25,45,1
8,35,1
48,24,3
3,26,1
3,36,1
19,21,2
34,32,2
20,3,3
42,15,3
24,20,2
10,43,1
8,15,1
27,18,3
8,21,1
21,3,3
40,45,1
37,28,3
48,38,3
7,37,1
6,47,1
41,26,3
44,21,3
15,43,1
42,45,2
38,5,3
41,4,3
41,31,3
34,17,3
4,33,1
45,11,3
27,37,1
22,7,3
30,45,1
21,38,1
32,33,2
2,45,1
40,13,3
23,5,3
5,11,1
27,22,3
28,49,1
30,29,2
23,30,1
9,27,1
1,21,1
37,17,3
48,18,3
46,3,3
45,15,3
4,44,1
11,46,1
31,1,3
48,43,3
46,7,3
9,50,1
47,46,2
34,7,3
20,19,2
7,29,1
29,39,1
27,49,1
46,45,2
38,36,2
48,25,3
7,48,1
6,43,1
32,23,3
4,16,1
45,18,3
22,39,1
38,39,2
49,36,3
46,30,3
18,38,1
25,29,2
24,7,3
35,39,2
24,9,3
30,35,1
44,29,3
19,14,3
33,13,3
7,11,2
37,33,2
14,8,3
50,13,3
21,15,3
39,47,1
24,12,3
8,27,1
31,37,1
7,10,2
50,7,3
27,6,3
23,9,3
32,35,2
28,30,2
31,48,1
25,40,1
10,3,3
47,28,3
20,35,1
46,50,2
3,41,1
12,27,1
29,18,3
37,42,1
41,37,2
20,26,1
38,41,2
33,4,3
49,35,3
5,2,2
45,24,3
31,11,3
13,6,3
13,31,1
50,11,3
41,30,3
31,30,2
42,27,3
17,16,2
41,18,3
41,34,3
16,31,1
22,29,1
48,18,3
12,43,1
19,9,3
6,18,1
40,31,3
10,42,1
24,26,2
3,45,1
18,10,3
13,49,1
20,29,1
27,37,1
4,32,1
16,31,1
44,11,3
33,8,3
38,1,3
15,38,1
13,10,2
14,40,1
8,37,1
29,25,2
36,46,1
48,47,2
12,29,1
7,31,1
35,15,3
35,10,3
33,49,1
30,42,1
16,36,1
32,24,3
39,33,3
46,36,3
33,19,3
10,7,2
45,29,3
25,37,1
25,7,3
39,20,3
35,22,3
43,46,2
43,17,3
50,37,3
49,14,3
15,21,1
24,40,1
29,28,2
18,32,1
10,6,2
40,11,3
25,15,3
30,39,1
49,37,3
45,48,2
17,50,1
5,50,1
43,26,3
29,1,3
37,10,3
23,41,1
17,28,1
3,6,2
37,2,3
48,38,3
13,21,1
43,14,3
24,35,1
45,50,1
27,47,1
28,18,3
25,3,3
13,20,1
41,44,2
6,29,1
8,16,1
33,50,1
5,25,1
27,42,1
44,26,3
14,9,3
21,19,2
42,3,3
3,35,1
31,3,3
18,27,1
48,4,3
22,8,3
42,45,2
2,35,1
50,33,3
6,9,2
32,16,3
33,17,3
7,18,1
28,23,3
12,23,1
34,9,3
28,16,3
39,36,2
7,31,1
25,29,2
33,3,3
17,47,1
50,32,3
18,24,1
41,42,2
8,15,1
12,21,1
48,41,3
49,17,3
45,25,3
3,31,1
30,11,3
31,4,3
5,49,1
50,23,3
26,11,3
18,11,3
13,47,1
37,46,1
43,8,3
2,28,1
21,20,2
2,7,1
11,35,1
31,48,1
42,47,1
11,25,1
9,25,1
22,36,1
23,8,3
47,15,3
48,36,3
24,9,3
24,18,3
43,46,2
30,37,1
50,22,3
26,15,3
32,31,2
41,25,3
38,6,3
18,21,2
37,48,1
2,5,2
46,16,3
40,35,3
16,13,2
37,8,3
29,49,1
48,34,3
25,22,2
14,2,3
29,16,3
35,34,2
21,3,3
46,24,3
39,40,2
40,8,3
34,8,3
40,9,3
4,47,1
18,44,1
36,28,3
8,23,1
14,20,1
48,10,3
17,46,1
31,16,3
36,34,2
29,36,1
24,26,2
50,5,3
16,17,2
29,43,1
46,39,3
19,49,1
2,12,1
20,41,1
45,34,3
7,25,1
19,17,2
28,4,3
29,14,3
48,19,3
44,9,3
50,21,3
34,49,1
41,21,3
19,27,1
17,2,3
40,9,3
1,12,1
32,29,2
39,22,3
24,23,2
29,38,1
13,22,1
39,25,3
42,35,3
24,19,3
18,47,1
17,42,1
17,8,3
20,3,3
36,34,2
9,7,2
33,4,3
38,29,3
2,19,1
38,12,3
25,50,1
34,19,3
47,23,3
24,30,1
10,40,1
9,26,1
19,28,1
8,38,1
37,12,3
1,31,1
29,28,2
13,33,1
26,12,3
43,36,3
23,49,1
43,25,3
43,44,2
32,16,3
49,35,3
26,2,3
2,34,1
44,39,3
13,27,1
21,1,3
13,22,1
17,16,2
10,42,1
31,7,3
18,16,2
6,4,2
2,15,1
18,45,1
6,7,2
10,49,1
12,11,2
25,29,2
23,6,3
27,47,1
23,3,3
44,35,3
17,39,1
13,20,1
21,26,1
35,5,3
1,45,1
27,38,1
1,6,1
12,18,1
19,8,3
19,9,3
22,38,1
27,48,1
30,41,1
8,16,1
23,12,3
25,33,1
39,41,2
28,1,3
46,16,3
8,28,1
15,50,1
12,27,1
20,14,3
2,9,1
25,42,1
10,14,2
46,25,3
20,21,2
35,42,1
30,11,3
3,32,1
33,40,1
14,26,1
40,15,3
24,46,1
16,40,1
20,3,3
45,47,2
35,19,3
16,9,3
43,17,3
24,2,3
48,33,3
1,37,1
7,26,1
4,8,2
25,33,1
29,44,1
6,26,1
10,42,1
39,33,3
14,39,1
9,24,1
28,26,2
9,48,1
12,40,1
11,20,1
14,3,3
45,35,3
32,44,1
20,37,1
22,30,1
37,22,3
45,42,2
35,38,2
37,32,3
43,26,3
1,44,1
39,33,3
45,5,3
3,19,1
27,26,2
22,16,3
48,28,3
26,8,3
10,11,2
25,37,1
14,20,1
17,43,1
25,15,3
7,15,1
23,34,1
7,18,1
26,7,3
5,1,2
46,33,3
23,19,2
46,12,3
11,7,2
20,23,2
5,15,1
21,32,1
31,43,1
34,43,1
3,46,1
26,39,1
14,20,1
20,21,2
24,39,1
28,44,1
20,37,1
48,3,3
16,17,2
7,38,1
24,44,1
39,30,3
25,38,1
17,12,3
32,8,3
17,34,1
23,35,1
43,39,2
33,25,3
46,37,3
35,50,1
23,35,1
26,5,3
14,44,1
48,18,3
14,18,2
43,11,3
34,19,3
37,9,3
50,39,3
31,25,3
49,16,3
46,27,3
4,27,1
50,23,3
38,16,3
40,14,3
16,48,1
39,5,3
44,12,3
33,1,3
36,23,3
18,5,3
19,46,1
11,8,2
25,6,3
37,44,1
20,24,2
4,23,1
5,20,1
6,43,1
41,42,2
1,37,1
18,20,2
25,21,2
6,26,1
8,48,1
47,44,2
4,12,1
17,22,1
22,50,1
10,4,3
22,23,2
45,44,2
12,30,1
36,50,1
4,28,1
12,35,1
31,29,2
35,22,3
2,44,1
34,8,3
35,45,1
5,14,1
34,30,2
22,14,3
33,18,3
41,31,3
12,26,1
44,23,3
4,44,1
46,21,3
16,1,3
23,13,3
18,27,1
27,2,3
31,44,1
29,5,3
42,10,3
38,29,3
41,38,2
13,41,1
25,12,3
24,34,1
13,37,1
35,20,3
3,16,1
12,28,1
37,10,3
43,25,3
30,7,3
38,1,3
13,26,1
23,24,2
28,19,3
20,31,1
24,28,2
3,23,1
27,45,1
9,23,1
35,3,3
46,27,3
28,36,1
21,36,1
17,11,3
50,22,3
47,22,3
12,46,1
7,20,1
35,23,3
24,2,3
2,11,1
42,49,1
13,20,1
48,31,3
27,32,1
17,48,1
32,4,3
11,16,1
11,4,3
37,17,3
2,7,1
41,44,2
41,7,3
23,5,3
39,43,2
41,37,2
17,23,1
28,35,1
28,25,2
19,17,2
33,32,2
4,38,1
1,26,1
49,21,3
6,2,2
36,44,1
23,33,1
24,8,3
22,30,1
3,32,1
47,1,3
10,26,1
30,18,3
50,25,3
12,46,1
38,9,3
11,30,1
32,8,3
8,24,1
4,34,1
48,17,3
7,37,1
34,9,3
46,39,3
24,41,1
46,15,3
41,45,2
50,29,3
49,15,3
26,30,2
1,2,2
26,35,1
50,49,2
23,5,3
38,15,3
7,43,1
41,26,3
7,29,1
43,14,3
25,19,3
38,3,3
10,31,1
31,2,3
44,30,3
23,49,1
29,25,2
6,42,1
9,30,1
33,20,3
5,47,1
43,15,3
37,24,3
27,40,1
22,4,3
29,10,3
42,22,3
29,37,1
8,28,1
30,23,3
22,42,1
26,14,3
39,50,1
1,21,1
29,49,1
29,19,3
2,11,1
35,16,3
49,32,3
28,35,1
21,14,3
43,14,3
27,9,3
21,38,1
20,46,1
9,31,1
39,47,1
13,4,3
12,25,1
18,47,1
9,21,1
18,36,1
22,41,1
8,47,1
38,33,3
45,18,3
27,11,3
22,38,1
18,12,3
21,47,1
11,41,1
41,47,1
12,4,3
5,34,1
26,41,1
24,49,1
7,49,1
39,42,2
8,44,1
3,22,1
40,21,3
29,50,1
20,43,1
39,34,3
11,4,3
13,39,1
33,31,2
45,30,3
15,34,1
44,30,3
49,28,3
33,26,3
22,18,2
41,25,3
2,34,1
3,39,1
42,46,2
25,41,1
19,50,1
26,34,1
4,3,2
8,42,1
35,37,2
29,22,3
8,34,1
2,37,1
1,33,1
32,26,3
45,2,3
38,48,1
9,11,2
2,20,1
48,33,3
41,26,3
49,42,3
34,5,3
16,12,2
5,7,2
42,34,3
49,20,3
1,47,1
18,23,1
23,50,1
46,47,2
28,14,3
15,25,1
34,26,3
9,16,1
25,11,3
16,25,1
30,49,1
2,50,1
11,22,1
44,28,3
23,48,1
16,1,3
46,30,3
6,12,1
36,33,2
7,23,1
28,11,3
32,8,3
18,25,1
9,47,1
7,44,1
25,30,1
9,8,2
19,46,1
26,13,3
19,27,1
45,1,3
16,26,1
44,30,3
14,43,1
48,16,3
48,26,3
16,17,2
43,26,3
4,7,2
7,30,1
46,11,3
15,48,1
36,19,3
10,4,3
12,19,1
22,3,3
18,6,3
22,31,1
21,36,1
22,25,2
27,40,1
5,10,1
7,12,1
47,12,3
50,30,3
49,47,2
15,50,1
9,22,1
15,37,1
42,45,2
42,48,1
5,41,1
13,47,1
49,27,3
5,46,1
41,50,1
19,25,1
46,35,3
26,48,1
14,16,2
16,11,3
20,34,1
3,15,1
9,28,1
32,38,1
12,18,1
50,13,3
21,34,1
19,5,3
10,8,2
32,19,3
36,18,3
31,7,3
50,17,3
34,11,3
39,30,3
13,26,1
11,45,1
38,50,1
38,50,1
1,36,1
41,2,3
38,30,3
38,50,1
12,3,3
8,2,3
23,35,1
28,39,1
36,5,3
50,36,3
35,45,1
10,20,1
17,44,1
29,19,3
44,14,3
16,38,1
32,35,2
49,33,3
16,30,1
37,29,3
46,39,3
29,7,3
17,3,3
39,48,1
11,8,2
6,8,2
39,40,2
20,18,2
47,6,3
47,41,3
48,30,3
41,10,3
9,16,1
27,41,1
12,37,1
48,26,3
12,30,1
14,35,1
39,45,1
23,33,1
19,27,1
25,31,1
8,45,1
45,37,3
31,24,3
6,33,1
31,30,2
14,19,1
8,14,1
29,15,3
5,45,1
5,22,1
7,42,1
44,14,3
25,48,1
33,45,1
48,49,2
38,28,3
21,26,1
38,2,3
48,35,3
37,5,3
40,42,2
18,36,1
29,23,3
43,21,3
42,23,3
25,8,3
17,21,2
32,2,3
20,43,1
25,29,2
50,13,3
42,12,3
45,20,3
8,42,1
6,46,1
4,10,1
33,36,2
49,26,3
24,40,1
23,36,1
46,13,3
23,36,1
46,12,3
3,13,1
42,32,3
8,29,1
29,26,2
26,16,3
29,34,1
33,39,1
28,2,3
37,9,3
5,19,1
33,25,3
30,5,3
6,46,1
43,45,2
36,33,2
19,40,1
47,12,3
36,26,3
39,29,3
33,1,3
40,9,3
41,14,3
20,37,1
14,29,1
22,1,3
38,35,2
48,37,3
45,29,3
36,26,3
2,41,1
46,36,3
8,22,1
45,46,2
14,16,2
49,37,3
46,16,3
44,17,3
25,14,3
14,32,1
41,19,3
37,2,3
30,18,3
11,45,1
34,33,2
38,42,2
24,1,3
14,31,1
23,5,3
33,39,1
17,8,3
35,28,3
12,49,1
36,13,3
21,30,1
50,48,2
18,42,1
28,15,3
48,18,3
42,24,3
43,33,3
4,50,1
27,15,3
38,31,3
24,41,1
41,44,2
34,45,1
33,35,2
8,35,1
42,23,3
47,17,3
44,35,3
40,39,2
12,2,3
14,10,2
4,33,1
16,49,1
40,44,2
21,40,1
41,47,1
32,47,1
37,41,2
37,48,1
38,15,3
19,46,1
1,8,1
12,4,3
44,21,3
27,13,3
9,12,2
33,37,2
36,11,3
45,12,3
6,28,1
4,16,1
36,21,3
12,8,2
7,21,1
10,35,1
31,13,3
46,29,3
20,24,2
39,34,3
1,50,1
4,30,1
40,7,3
44,21,3
8,45,1
33,45,1
10,1,3
41,24,3
9,23,1
37,33,2
37,17,3
14,8,3
9,49,1
22,34,1
11,16,1
15,41,1
49,41,3
40,28,3
49,7,3
26,31,1
24,30,1
10,8,2
22,40,1
24,44,1
12,30,1
48,33,3
22,23,2
19,5,3
42,6,3
48,15,3
10,36,1
4,1,2
1,34,1
23,40,1
29,49,1
22,32,1
18,21,2
36,50,1
31,39,1
48,2,3
48,15,3
10,26,1
29,16,3
22,33,1
21,16,3
16,49,1
10,48,1
8,46,1
48,24,3
35,27,3
50,36,3
2,49,1
47,45,2
24,14,3
19,40,1
26,48,1
50,36,3
24,17,3
13,6,3
26,31,1
20,48,1
1,8,1
20,21,2
29,21,3
35,43,1
36,29,3
26,40,1
20,38,1
15,46,1
34,6,3
12,21,1
34,31,2
5,29,1
25,1,3
36,32,2
28,31,2
44,47,2
13,39,1
24,44,1
21,29,1
1,39,1
19,10,3
11,41,1
36,49,1
12,38,1
9,40,1
21,32,1
25,40,1
7,14,1
48,35,3
16,24,1
36,17,3
21,3,3
43,28,3
18,1,3
15,49,1
11,2,3
11,19,1
46,48,2
37,45,1
45,15,3
8,13,1
33,6,3
1,19,1
28,29,2
21,28,1
13,8,3
6,20,1
49,35,3
18,48,1
45,35,3
1,4,2
2,38,1
20,23,2
35,27,3
49,17,3
44,43,2
13,41,1
14,34,1
43,33,3
9,24,1
30,5,3
20,39,1
17,19,2
18,31,1
7,3,2
44,47,2
2,22,1
25,22,2
45,23,3
9,36,1
6,8,2
39,47,1
14,45,1
48,45,2
36,45,1
37,12,3
8,39,1
23,4,3
12,10,2
19,22,2
22,6,3
18,33,1
37,38,2
45,36,3
35,16,3
31,3,3
48,14,3
3,50,1
42,31,3
29,38,1
8,34,1
29,13,3
26,43,1
34,30,2
3,46,1
11,40,1
4,16,1
21,20,2
25,17,3
16,8,3
19,25,1
37,28,3
42,49,1
37,38,2
13,7,3
4,21,1
5,14,1
19,34,1
4,33,1
2,31,1
35,45,1
1,9,1
1,11,1
33,18,3
18,4,3
27,36,1
33,14,3
21,37,1
26,11,3
2,24,1
23,39,1
8,1,3
2,48,1
29,17,3
31,30,2
7,37,1
46,29,3
26,29,2
42,36,3
9,45,1
26,47,1
37,17,3
33,21,3
22,7,3
26,37,1
37,42,1
48,22,3
18,9,3
42,45,2
42,18,3
9,17,1
7,42,1
9,3,3
44,43,2
13,50,1
47,10,3
48,10,3
22,15,3
7,27,1
34,6,3
2,13,1
7,37,1
42,15,3
18,1,3
7,33,1
15,27,1
36,2,3
24,17,3
35,14,3
13,6,3
47,38,3
7,47,1
2,39,1
34,42,1
29,28,2
25,27,2
41,14,3
9,48,1
48,37,3
1,19,1
30,47,1
50,48,2
31,41,1
10,7,2
12,6,3
35,30,3
17,34,1
40,2,3
3,31,1
47,35,3
44,49,1
11,44,1
36,32,2
18,9,3
15,17,2
32,12,3
3,47,1
37,35,2
3,49,1
13,21,1
31,30,2
20,49,1
43,21,3
37,49,1
49,44,3
40,14,3
45,8,3
18,46,1
46,39,3
37,31,3
14,29,1
19,35,1
43,45,2
45,41,2
30,4,3
34,2,3
24,29,1
2,1,2
2,13,1
2,39,1
23,48,1
45,34,3
4,20,1
36,38,2
46,40,3
41,25,3
43,32,3
46,39,3
39,33,3
5,17,1
13,14,2
8,28,1
47,34,3
47,3,3
46,24,3
17,11,3
5,17,1
1,30,1
11,34,1
42,44,2
18,2,3
25,2,3
35,2,3
36,38,2
30,32,2
15,2,3
31,26,3
30,39,1
38,35,2
38,33,3
33,48,1
33,22,3
46,12,3
7,21,1
10,17,1
33,31,2
17,44,1
1,21,1
45,20,3
23,15,3
26,36,1
46,27,3
8,30,1
28,46,1
15,46,1
22,12,3
35,8,3
8,15,1
7,44,1
30,18,3
25,24,2
3,33,1
7,42,1
4,11,1
36,25,3
25,16,3
32,14,3
33,8,3
49,11,3
27,44,1
8,21,1
3,7,2
11,44,1
6,26,1
49,23,3
38,46,1
47,49,2
38,37,2
40,47,1
29,50,1
38,25,3
49,22,3
40,43,2
8,33,1
19,24,1
47,14,3
13,49,1
13,46,1
37,27,3
47,20,3
24,48,1
7,10,2
33,38,1
11,12,2
44,19,3
25,6,3
3,8,1
4,19,1
33,38,1
16,42,1
50,32,3
3,44,1
3,36,1
37,48,1
12,33,1
37,3,3
43,16,3
14,34,1
14,7,3
15,12,2
11,22,1
23,38,1
2,26,1
32,33,2
39,40,2
13,43,1
2,23,1
45,15,3
4,12,1
18,20,2
1,28,1
30,6,3
1,5,2
10,28,1
27,22,3
48,40,3
45,14,3
40,34,3
44,16,3
10,21,1
25,16,3
23,42,1
39,25,3
14,26,1
22,32,1
46,1,3
37,44,1
37,25,3
23,19,2
22,10,3
23,49,1
38,30,3
12,7,3
37,18,3
34,36,2
31,13,3
26,18,3
5,17,1
30,10,3
20,21,2
30,31,2
46,27,3
2,39,1
14,19,1
21,18,2
48,18,3
30,10,3
9,36,1
10,36,1
42,14,3
31,32,2
1,47,1
17,38,1
40,48,1
14,23,1
7,6,2
32,2,3
3,36,1
5,4,2
47,40,3
22,15,3
4,9,1
33,31,2
15,6,3
46,26,3
43,30,3
2,46,1
16,36,1
42,15,3
20,15,3
47,16,3
19,46,1
27,15,3
48,21,3
19,33,1
40,23,3
21,27,1
26,28,2
17,3,3
38,20,3
21,49,1
23,16,3
8,2,3
9,3,3
43,32,3
9,41,1
1,14,1
11,46,1
50,30,3
20,48,1
32,16,3
32,5,3
36,16,3
24,47,1
24,50,1
31,43,1
41,45,2
50,13,3
42,50,1
16,4,3
49,37,3
19,7,3
37,3,3
15,5,3
10,23,1
46,33,3
32,3,3
38,48,1
4,11,1
31,13,3
46,36,3
46,23,3
46,10,3
10,34,1
36,16,3
41,18,3
31,27,2
33,50,1
22,7,3
25,26,2
37,12,3
22,12,3
29,22,3
12,41,1
47,34,3
48,10,3
43,22,3
45,29,3
12,47,1
44,41,2
4,33,1
5,50,1
10,4,3
7,22,1
26,32,1
45,21,3
5,41,1
15,28,1
37,30,3
13,49,1
29,12,3
14,15,2
38,21,3
26,45,1
15,25,1
9,39,1
15,25,1
1,26,1
28,31,2
40,19,3
38,4,3
47,23,3
37,32,3
38,36,2
29,40,1
10,16,1
43,40,2
21,10,3
22,20,2
6,15,1
31,29,2
46,18,3
38,9,3
50,47,2
46,25,3
4,38,1
46,1,3
32,7,3
45,44,2
30,28,2
8,37,1
36,18,3
23,38,1
11,13,2
46,17,3
50,48,2
10,32,1
9,32,1
35,24,3
46,42,2
26,36,1
10,37,1
26,36,1
42,45,2
27,1,3
24,31,1
38,12,3
46,8,3
2,39,1
42,4,3
28,3,3
38,29,3
41,17,3
48,36,3
7,4,2
6,34,1
29,48,1
25,13,3
41,5,3
39,7,3
34,25,3
19,40,1
49,29,3
1,11,1
7,25,1
46,42,2
50,7,3
1,39,1
2,4,2
6,19,1
45,49,2
23,33,1
48,32,3
7,18,1
1,44,1
1,13,1
10,20,1
14,37,1
11,22,1
32,17,3
27,25,2
38,43,1
16,27,1
20,29,1
15,26,1
48,42,3
29,41,1
42,4,3
11,10,2
1,12,1
26,20,3
16,18,2
9,33,1
23,3,3
32,18,3
23,39,1
8,9,2
12,35,1
46,3,3
38,1,3
45,20,3
20,5,3
8,25,1
14,2,3
9,21,1
19,49,1
4,24,1
33,7,3
33,46,1
38,5,3
17,30,1
36,23,3
42,15,3
19,10,3
30,36,1
23,15,3
8,36,1
25,3,3
37,6,3
42,8,3
30,7,3
50,48,2
24,48,1
27,20,3
19,17,2
30,4,3
37,5,3
48,29,3
5,46,1
42,14,3
4,26,1
38,36,2
23,24,2
41,36,3
49,45,2
28,3,3
23,2,3
44,9,3
41,49,1
40,36,2
38,42,2
21,26,1
30,11,3
32,14,3
16,40,1
3,27,1
24,35,1
50,35,3
48,41,3
8,41,1
49,7,3
46,16,3
27,22,3
41,8,3
16,34,1
12,28,1
22,27,1
21,13,3
13,30,1
44,20,3
31,43,1
4,33,1
44,2,3
7,17,1
17,46,1
11,10,2
9,32,1
5,41,1
38,32,3
35,3,3
2,32,1
19,2,3
27,21,3
2,17,1
23,24,2
1,22,1
50,13,3
22,33,1
22,44,1
2,32,1
39,35,2
19,49,1
38,48,1
37,7,3
41,5,3
32,23,3
8,19,1
3,47,1
20,7,3
50,48,2
23,46,1
25,41,1
31,21,3
31,3,3
1,42,1
8,6,2
2,22,1
43,33,3
50,19,3
41,45,2
12,21,1
5,41,1
33,45,1
11,17,1
42,31,3
25,43,1
41,40,2
16,9,3
1,45,1
42,12,3
7,48,1
22,14,3
14,13,2
32,17,3
39,38,2
34,48,1
46,5,3
41,3,3
49,11,3
10,49,1
48,28,3
34,18,3
37,9,3
20,17,2
33,15,3
14,35,1
3,38,1
41,8,3
22,30,1
49,26,3
32,36,2
27,6,3
5,22,1
40,27,3
6,18,1
43,8,3
34,48,1
33,31,2
27,42,1
9,1,3
33,26,3
35,11,3
1,3,2
5,42,1
28,15,3
34,49,1
40,28,3
49,45,2
50,46,2
8,4,2
28,25,2
2,16,1
5,19,1
29,18,3
47,18,3
33,35,2
27,17,3
25,33,1
46,21,3
10,17,1
14,32,1
46,32,3
40,32,3
43,29,3
37,20,3
1,28,1
4,48,1
7,14,1
4,7,2
35,42,1
44,10,3
17,23,1
21,22,2
4,39,1
33,38,1
28,23,3
3,16,1
30,16,3
32,48,1
12,40,1
9,14,1
40,16,3
47,10,3
11,16,1
13,14,2
21,37,1
1,49,1
34,9,3
33,22,3
46,26,3
18,22,2
2,35,1
13,15,2
26,5,3
50,20,3
1,4,2
8,36,1
22,4,3
44,14,3
25,31,1
35,32,2
44,10,3
14,25,1
8,29,1
32,45,1
11,23,1
38,25,3
10,39,1
1,46,1
41,17,3
28,3,3
5,47,1
6,10,2
42,31,3
19,46,1
11,34,1
1,50,1
20,22,2
23,17,3
35,2,3
32,26,3
1,11,1
43,6,3
15,37,1
39,50,1
46,12,3
29,45,1
25,9,3
36,49,1
2,45,1
32,1,3
18,29,1
13,28,1
4,6,2
40,38,2
16,39,1
50,5,3
9,23,1
33,3,3
29,32,2
46,39,3
19,5,3
13,39,1
14,10,2
22,15,3
6,44,1
48,13,3
15,32,1
4,34,1
16,12,2
38,1,3
17,16,2
13,12,2
35,23,3
5,2,2
4,16,1
43,38,3
13,50,1
11,40,1
11,25,1
11,14,2
36,44,1
32,4,3
10,7,2
43,2,3
3,20,1
40,3,3
8,28,1
1,35,1
12,21,1
15,49,1
50,35,3
15,10,3
37,41,2
39,23,3
8,33,1
49,20,3
12,14,2
44,49,1
10,48,1
22,11,3
34,42,1
34,11,3
13,22,1
21,2,3
38,32,3
17,34,1
22,4,3
49,26,3
34,8,3
3,9,1
29,37,1
22,31,1
3,13,1
32,33,2
2,49,1
41,34,3
50,7,3
20,12,3
10,29,1
41,47,1
46,10,3
46,35,3
21,17,2
18,34,1
18,49,1
34,36,2
6,18,1
36,47,1
43,7,3
38,43,1
37,26,3
37,34,2
8,48,1
44,31,3
41,50,1
1,11,1
34,17,3
1,12,1
11,40,1
40,9,3
21,8,3
26,15,3
48,44,2
19,39,1
23,40,1
41,4,3
6,22,1
27,21,3
6,22,1
39,12,3
9,43,1
15,17,2
41,37,2
44,25,3
49,1,3
25,40,1
48,10,3
37,28,3
40,34,3
38,45,1
31,16,3
16,5,3
45,39,3
2,8,1
15,12,2
20,2,3
17,2,3
38,44,1
30,15,3
13,23,1
28,50,1
43,32,3
13,23,1
10,23,1
21,29,1
45,7,3
38,18,3
36,17,3
19,20,2
33,30,2
48,38,3
14,25,1
40,50,1
5,8,2
13,9,2
9,7,2
13,9,2
34,4,3
45,4,3
13,43,1
41,9,3
39,9,3
4,3,2
40,15,3
13,14,2
39,40,2
47,29,3
25,39,1
36,46,1
21,40,1
10,19,1
6,47,1
43,34,3
7,23,1
45,6,3
19,15,2
44,11,3
44,24,3
5,34,1
26,11,3
47,41,3
5,47,1
37,3,3
28,21,3
42,5,3
26,18,3
13,26,1
20,46,1
23,5,3
20,2,3
26,48,1
12,31,1
40,34,3
14,39,1
24,47,1
39,26,3
14,28,1
41,6,3
5,26,1
44,9,3
17,12,3
17,14,2
45,24,3
44,20,3
19,29,1
44,43,2
7,4,2
20,18,2
46,44,2
44,36,3
17,20,2
33,1,3
23,8,3
12,31,1
5,18,1
1,30,1
49,50,2
50,43,3
12,39,1
21,5,3
24,19,3
20,5,3
30,34,2
13,8,3
35,8,3
35,24,3
41,4,3
39,50,1
26,49,1
47,14,3
6,28,1
16,43,1
14,20,1
29,31,2
25,23,2
12,41,1
50,11,3
15,6,3
19,5,3
42,3,3
27,2,3
17,46,1
28,3,3
19,45,1
23,40,1
31,48,1
11,13,2
8,12,2
36,26,3
13,16,2
40,41,2
44,43,2
48,8,3
39,7,3
28,30,2
14,40,1
44,33,3
43,42,2
4,18,1
10,49,1
36,3,3
15,21,1
47,3,3
18,45,1
49,34,3
30,20,3
10,14,2
14,25,1
30,41,1
1,20,1
8,25,1
4,10,1
36,4,3
45,50,1
29,2,3
15,31,1
16,32,1
41,17,3
43,20,3
22,33,1
42,14,3
39,41,2
31,37,1
27,50,1
39,38,2
23,45,1
25,24,2
19,9,3
7,48,1
11,22,1
43,17,3
27,22,3
24,3,3
24,39,1
12,30,1
17,30,1
29,13,3
41,25,3
29,4,3
33,36,2
34,4,3
27,35,1
44,13,3
35,32,2
28,40,1
45,1,3
36,16,3
49,37,3
25,27,2
40,31,3
10,17,1
46,28,3
37,43,1
5,37,1
22,1,3
12,41,1
35,7,3
43,4,3
41,2,3
20,43,1
18,34,1
50,7,3
41,26,3
37,26,3
40,31,3
38,11,3
27,25,2
7,29,1
41,21,3
48,47,2
12,18,1
43,14,3
50,6,3
37,46,1
33,22,3
3,9,1
41,26,3
6,21,1
32,25,3
32,37,1
6,9,2
13,33,1
8,40,1
42,33,3
43,46,2
40,30,3
23,49,1
9,38,1
37,27,3
21,6,3
17,12,3
33,46,1
21,14,3
16,19,2
7,43,1
24,46,1
16,5,3
18,14,2
20,6,3
45,49,2
21,49,1
39,49,1
19,24,1
24,31,1
18,39,1
29,36,1
47,2,3
37,18,3
4,46,1
18,36,1
23,36,1
8,44,1
48,50,2
45,7,3
4,30,1
13,2,3
19,46,1
12,20,1
38,15,3
40,10,3
23,13,3
36,12,3
37,40,2
22,48,1
30,8,3
8,38,1
3,40,1
19,29,1
24,10,3
7,40,1
30,44,1
19,29,1
22,12,3
18,40,1
11,17,1
38,29,3
39,32,3
40,46,1
8,32,1
18,19,2
45,43,2
26,27,2
48,49,2
17,5,3
37,5,3
35,39,2
27,11,3
30,20,3
42,40,2
16,42,1
15,3,3
39,25,3
34,13,3
39,13,3
20,44,1
26,11,3
28,26,2
10,9,2
8,27,1
34,2,3
41,5,3
8,18,1
25,27,2
47,31,3
14,18,2
42,33,3
13,19,1
4,30,1
9,29,1
35,25,3
10,46,1
12,29,1
37,19,3
20,21,2
26,17,3
48,44,2
24,34,1
27,26,2
6,25,1
26,32,1
31,47,1
32,38,1
41,39,2
2,38,1
9,20,1
37,22,3
50,36,3
8,14,1
5,45,1
21,46,1
19,2,3
44,50,1
21,36,1
14,11,2
20,8,3
27,49,1
4,37,1
24,7,3
11,14,2
17,12,3
50,21,3
41,28,3
38,40,2
40,39,2
45,32,3
14,50,1
46,21,3
46,37,3
17,33,1
24,42,1
35,10,3
12,26,1
11,2,3
22,5,3
11,20,1
10,6,2
50,21,3
5,33,1
46,1,3
40,10,3
1,13,1
11,15,2
6,19,1
24,26,2
49,15,3
38,46,1
6,26,1
14,45,1
36,22,3
4,43,1
27,39,1
19,38,1
40,43,2
20,14,3
12,49,1
12,6,3
14,29,1
43,38,3
6,29,1
39,13,3
24,4,3
34,39,1
33,36,2
46,21,3
33,43,1
5,7,2
47,23,3
24,20,2
39,49,1
47,37,3
13,33,1
19,40,1
46,17,3
47,39,3
4,23,1
34,45,1
18,11,3
31,29,2
38,31,3
39,22,3
48,21,3
6,1,3
12,29,1
14,49,1
2,9,1
30,11,3
18,14,2
26,24,2
34,19,3
43,48,1
25,41,1
49,24,3
32,8,3
3,5,2
11,24,1
15,45,1
18,3,3
28,37,1
32,2,3
11,39,1
20,46,1
5,9,2
39,23,3
33,3,3
10,11,2
8,50,1
49,41,3
8,40,1
9,18,1
39,26,3
28,14,3
7,21,1
29,24,3
13,31,1
20,2,3
17,34,1
35,37,2
31,49,1
14,15,2
30,1,3
26,33,1
34,48,1
7,47,1
21,39,1
17,3,3
22,28,1
9,23,1
6,43,1
17,4,3
23,33,1
17,6,3
34,36,2
4,18,1
3,47,1
16,28,1
2,3,2
13,14,2
6,8,2
48,27,3
46,36,3
33,36,2
30,14,3
32,21,3
50,34,3
45,48,2
40,44,2
12,7,3
22,23,2
48,12,3
32,10,3
28,17,3
41,22,3
21,48,1
10,13,2
4,28,1
4,23,1
17,41,1
14,2,3
33,26,3
39,18,3
35,32,2
23,36,1
10,12,2
14,47,1
40,50,1
27,10,3
28,42,1
12,44,1
40,27,3
27,24,2
47,12,3
45,8,3
50,1,3
30,2,3
33,13,3
22,9,3
31,50,1
25,10,3
38,2,3
33,37,2
7,21,1
23,17,3
3,8,1
41,18,3
5,39,1
50,10,3
16,22,1
37,16,3
42,26,3
5,27,1
37,5,3
35,27,3
50,48,2
25,24,2
18,6,3
8,38,1
7,15,1
25,31,1
2,36,1
29,50,1
28,6,3
42,1,3
14,46,1
44,21,3
42,3,3
15,21,1
12,46,1
16,35,1
7,27,1
27,25,2
19,26,1
37,18,3
24,27,2
37,40,2
42,32,3
17,33,1
35,47,1
25,18,3
2,35,1
7,5,2
1,43,1
13,6,3
47,33,3
25,47,1
42,40,2
22,18,2
38,30,3
30,8,3
17,24,1
42,41,2
40,50,1
23,30,1
42,40,2
19,6,3
1,24,1
34,25,3
39,11,3
21,9,3
7,2,3
29,48,1
36,16,3
2,8,1
42,35,3
36,14,3
14,38,1
35,5,3
45,9,3
49,12,3
32,47,1
1,25,1
13,35,1
34,47,1
17,9,3
33,31,2
40,39,2
26,36,1
12,29,1
45,50,1
32,8,3
38,28,3
32,8,3
50,42,3
27,43,1
18,6,3
50,1,3
10,43,1
12,28,1
4,25,1
39,11,3
39,29,3
11,24,1
29,17,3
6,18,1
7,8,2
41,31,3
6,4,2
24,15,3
39,15,3
35,4,3
3,36,1
33,17,3
18,41,1
28,11,3
40,37,2
18,38,1
7,31,1
40,34,3
18,38,1
36,46,1
13,16,2
16,47,1
10,24,1
17,20,2
42,47,1
22,49,1
17,14,2
44,41,2
23,32,1
3,11,1
45,25,3
40,22,3
34,12,3
8,14,1
4,21,1
37,33,2
38,44,1
37,20,3
42,44,2
11,49,1
17,2,3
3,36,1
25,3,3
5,40,1
13,33,1
48,33,3
40,43,2
17,29,1
43,7,3
40,47,1
21,14,3
22,3,3
6,15,1
11,32,1
46,34,3
47,4,3
24,18,3
8,47,1
48,1,3
37,25,3
24,3,3
37,24,3
25,14,3
2,19,1
42,21,3
41,46,1
29,45,1
16,6,3
12,19,1
32,15,3
25,19,3
22,15,3
39,9,3
21,31,1
42,41,2
22,48,1
5,37,1
42,43,2
48,21,3
34,5,3
12,48,1
32,48,1
9,26,1
26,6,3
40,6,3
22,29,1
37,44,1
34,27,3
7,25,1
11,31,1
44,29,3
40,17,3
15,6,3
17,44,1
12,40,1
17,25,1
44,16,3
26,3,3
36,20,3
10,16,1
15,33,1
6,49,1
5,14,1
20,37,1
18,5,3
12,35,1
36,7,3
8,43,1
18,43,1
49,11,3
25,45,1
8,47,1
31,11,3
3,38,1
2,33,1
25,5,3
3,38,1
43,28,3
48,8,3
32,14,3
6,48,1
5,20,1
14,44,1
27,42,1
49,36,3
44,50,1
28,44,1
6,46,1
31,5,3
41,19,3
50,19,3
8,37,1
1,5,2
39,16,3
36,1,3
13,14,2
34,8,3
45,12,3
14,13,2
4,8,2
1,2,2
47,23,3
22,34,1
35,24,3
50,7,3
25,19,3
30,34,2
44,39,3
42,15,3
50,48,2
20,41,1
13,47,1
6,48,1
6,38,1
40,26,3
23,12,3
3,39,1
13,49,1
19,22,2
32,4,3
22,39,1
21,49,1
12,2,3
27,5,3
2,38,1
48,15,3
31,16,3
40,24,3
38,22,3
3,31,1
28,27,2
21,46,1
17,32,1
14,15,2
30,10,3
37,14,3
32,25,3
12,20,1
36,50,1
15,11,2
46,25,3
46,20,3
42,15,3
30,41,1
48,19,3
9,26,1
33,29,2
6,38,1
12,45,1
4,1,2
29,16,3
28,35,1
40,12,3
40,47,1
28,8,3
7,21,1
35,37,2
10,35,1
22,15,3
10,13,2
50,46,2
46,39,3
21,40,1
30,27,2
20,41,1
40,30,3
18,49,1
3,15,1
38,43,1
16,46,1
28,47,1
33,40,1
11,33,1
11,10,2
12,42,1
2,22,1
35,15,3
33,13,3
49,41,3
46,28,3
37,30,3
25,47,1
41,10,3
43,33,3
15,5,3
17,12,3
46,29,3
32,1,3
27,22,3
10,48,1
18,44,1
43,3,3
34,25,3
28,5,3
42,24,3
42,17,3
48,31,3
27,26,2
5,17,1
14,31,1
44,43,2
26,39,1
45,11,3
43,46,2
50,25,3
8,31,1
8,12,2
30,46,1
4,38,1
25,42,1
36,31,3
28,16,3
28,29,2
47,8,3
7,42,1
20,42,1
41,9,3
44,41,2
2,20,1
50,10,3
31,9,3
39,12,3
43,30,3
6,48,1
41,34,3
6,39,1
27,20,3
15,7,3
18,41,1
17,5,3
33,35,2
12,7,3
42,11,3
50,19,3
3,17,1
39,1,3
39,32,3
29,28,2
36,3,3
45,23,3
4,45,1
37,46,1
28,20,3
31,39,1
43,40,2
30,7,3
10,38,1
44,28,3
11,38,1
28,36,1
27,11,3
46,18,3
12,22,1
37,40,2
38,25,3
44,18,3
49,50,2
43,49,1
39,48,1
4,34,1
17,38,1
6,9,2
47,10,3
17,6,3
27,17,3
21,12,3
46,21,3
42,12,3
39,13,3
23,1,3
28,2,3
25,31,1
17,41,1
3,44,1
8,32,1
30,8,3
7,29,1
6,1,3
32,13,3
46,2,3
43,34,3
23,39,1
45,42,2
20,44,1
16,44,1
31,39,1
45,31,3
37,22,3
12,48,1
46,45,2
2,15,1
39,31,3
4,8,2
28,44,1
8,3,3
12,17,1
27,11,3
36,10,3
30,39,1
30,42,1
42,10,3
6,17,1
26,9,3
8,44,1
10,47,1
14,30,1
43,41,2
38,1,3
31,39,1
39,34,3
22,47,1
37,33,2
10,19,1
43,31,3
20,24,2
3,26,1
10,50,1
18,13,3
16,42,1
1,9,1
32,14,3
11,14,2
7,27,1
15,25,1
2,34,1
49,32,3
45,38,3
48,44,2
14,6,3
42,9,3
45,19,3
16,49,1
27,29,2
3,18,1
17,35,1
43,11,3
44,23,3
15,34,1
22,41,1
10,16,1
26,49,1
40,15,3
40,18,3
23,26,2
43,37,3
2,33,1
40,29,3
36,30,3
39,14,3
27,13,3
35,8,3
26,33,1
44,15,3
35,44,1
43,44,2
24,42,1
29,14,3
48,35,3
43,12,3
32,47,1
8,38,1
25,22,2
37,24,3
16,27,1
42,43,2
1,30,1
47,19,3
7,24,1
2,42,1
28,1,3
43,17,3
41,30,3
44,25,3
32,47,1
6,22,1
16,38,1
2,17,1
2,49,1
36,47,1
8,10,2
49,16,3
44,25,3
22,29,1
3,8,1
34,3,3
28,46,1
49,12,3
5,9,2
1,48,1
43,42,2
42,50,1
4,50,1
25,34,1
49,23,3
10,23,1
21,37,1
50,37,3
6,16,1
29,49,1
1,49,1
47,41,3
35,37,2
27,32,1
31,23,3
14,20,1
2,13,1
45,3,3
22,48,1
39,37,2
3,47,1
45,41,2
24,45,1
33,24,3
22,50,1
20,5,3
42,32,3
38,26,3
28,27,2
47,10,3
28,12,3
24,10,3
1,4,2
3,43,1
33,30,2
15,6,3
4,16,1
4,23,1
7,10,2
46,1,3
7,27,1
38,7,3
19,38,1
32,11,3
30,11,3
12,9,2
32,14,3
34,30,2
15,10,3
47,21,3
31,5,3
21,18,2
4,26,1
26,37,1
9,14,1
48,28,3
48,37,3
14,1,3
44,36,3
28,27,2
50,33,3
26,15,3
2,5,2
42,2,3
28,39,1
21,15,3
44,36,3
47,48,2
20,34,1
50,37,3
18,20,2
8,32,1
9,22,1
49,21,3
28,6,3
39,27,3
35,8,3
26,17,3
26,35,1
44,32,3
36,20,3
26,13,3
45,46,2
4,45,1
23,10,3
4,14,1
46,43,2
37,7,3
17,20,2
37,27,3
33,14,3
50,1,3
27,28,2
50,49,2
20,36,1
3,14,1
47,5,3
8,32,1
33,45,1
50,29,3
23,15,3
21,40,1
50,7,3
20,34,1
20,33,1
45,1,3
44,20,3
41,29,3
28,13,3
26,27,2
21,18,2
36,25,3
35,32,2
35,18,3
28,2,3
47,46,2
15,20,1
4,5,2
33,34,2
25,36,1
1,7,1
1,17,1
8,21,1
47,23,3
21,9,3
43,33,3
26,3,3
10,15,1
41,5,3
2,5,2
30,22,3
40,7,3
22,26,2
33,13,3
28,30,2
26,47,1
21,29,1
49,6,3
15,5,3
41,25,3
6,26,1
35,40,1
40,16,3
43,11,3
9,8,2
24,43,1
50,14,3
2,25,1
7,10,2
8,45,1
42,2,3
22,12,3
30,44,1
30,9,3
23,9,3
27,31,2
29,7,3
40,1,3
9,29,1
40,27,3
37,26,3
8,21,1
22,26,2
13,23,1
33,9,3
12,21,1
46,15,3
12,49,1
30,4,3
49,27,3
34,45,1
47,38,3
9,46,1
4,22,1
27,20,3
25,47,1
24,11,3
40,39,2
1,20,1
15,10,3
4,13,1
19,6,3
22,4,3
2,14,1
6,50,1
25,33,1
26,44,1
9,30,1
8,22,1
19,41,1
20,38,1
5,34,1
11,42,1
26,2,3
11,12,2
36,5,3
42,28,3
36,40,2
13,11,2
41,44,2
43,28,3
50,3,3
44,38,3
20,12,3
49,16,3
3,8,1
32,26,3
10,25,1
17,31,1
16,7,3
41,29,3
28,6,3
21,22,2
46,32,3
11,19,1
19,35,1
5,3,2
11,16,1
29,14,3
36,43,1
22,26,2
27,18,3
44,4,3
11,6,3
48,47,2
12,47,1
16,17,2
19,22,2
37,38,2
50,3,3
27,11,3
40,26,3
23,47,1
40,2,3
33,50,1
16,43,1
15,37,1
12,10,2
11,44,1
6,16,1
34,37,2
14,34,1
36,1,3
11,25,1
11,37,1
17,27,1
42,13,3
29,20,3
37,33,2
25,24,2
48,9,3
30,19,3
1,9,1
17,45,1
3,28,1
38,33,3
19,22,2
29,43,1
32,49,1
15,14,2
35,42,1
43,27,3
18,11,3
14,48,1
15,40,1
33,47,1
25,10,3
11,20,1
33,6,3
47,5,3
2,16,1
2,31,1
48,7,3
49,16,3
36,5,3
15,46,1
37,33,2
10,8,2
6,3,2
3,14,1
19,43,1
8,32,1
45,38,3
12,50,1
4,45,1
2,40,1
23,41,1
22,28,1
24,17,3
26,7,3
18,40,1
28,15,3
4,39,1
25,33,1
1,46,1
45,40,3
35,2,3
46,43,2
33,1,3
15,39,1
17,14,2
18,8,3
30,9,3
5,11,1
47,2,3
32,44,1
1,10,1
10,39,1
38,2,3
17,24,1
30,11,3
26,21,3
24,44,1
16,15,2
17,10,3
42,50,1
23,4,3
7,33,1
24,35,1
26,15,3
35,12,3
36,27,3
23,32,1
50,37,3
14,41,1
24,12,3
27,45,1
36,11,3
27,42,1
20,28,1
20,33,1
22,38,1
49,39,3
16,17,2
25,45,1
19,26,1
1,29,1
50,14,3
43,48,1
22,28,1
15,41,1
43,6,3
34,22,3
8,14,1
14,31,1
49,28,3
25,47,1
19,29,1
22,46,1
20,19,2
46,43,2
37,34,2
14,3,3
11,18,1
5,6,2
23,18,3
34,24,3
4,7,2
26,5,3
37,30,3
29,35,1
45,20,3
19,6,3
17,12,3
34,31,2
17,43,1
29,50,1
48,10,3
50,35,3
7,19,1
8,3,3
26,18,3
31,19,3
28,20,3
9,10,2
32,1,3
3,14,1
13,1,3
19,9,3
26,22,2
28,48,1
27,21,3
12,41,1
3,49,1
19,9,3
32,16,3
26,28,2
35,19,3
45,49,2
11,30,1
44,26,3
32,23,3
45,37,3
19,23,2
13,45,1
25,47,1
19,21,2
31,4,3
30,42,1
8,24,1
33,44,1
32,34,2
45,26,3
16,41,1
36,31,3
4,7,2
41,49,1
4,11,1
1,5,2
44,9,3
5,10,1
8,23,1
46,49,2
22,38,1
41,7,3
27,42,1
33,49,1
19,44,1
35,38,2
1,48,1
18,5,3
24,43,1
3,12,1
33,9,3
11,16,1
41,9,3
29,9,3
36,8,3
47,27,3
32,8,3
37,39,2
26,37,1
23,30,1
26,16,3
31,20,3
45,8,3
33,44,1
31,41,1
12,40,1
3,4,2
2,14,1
29,39,1
18,38,1
42,30,3
11,37,1
9,6,2
32,47,1
36,40,2
19,13,3
47,35,3
44,11,3
29,37,1
26,19,3
12,39,1
4,38,1
26,18,3
21,6,3
37,12,3
35,30,3
7,18,1
12,35,1
46,49,2
32,25,3
24,1,3
27,23,2
33,5,3
15,31,1
24,41,1
32,45,1
6,21,1
5,29,1
12,16,2
43,9,3
39,7,3
12,17,1
29,6,3
36,32,2
36,26,3
5,34,1
40,39,2
25,41,1
48,5,3
3,5,2
41,38,2
12,18,1
46,23,3
48,21,3
13,43,1
8,33,1
8,37,1
2,21,1
48,31,3
19,7,3
35,14,3
3,48,1
23,25,2
8,7,2
12,22,1
25,22,2
35,41,1
20,3,3
27,13,3
8,45,1
1,8,1
28,25,2
36,25,3
32,40,1
13,1,3
27,3,3
22,31,1
14,41,1
2,19,1
34,27,3
17,25,1
36,4,3
24,30,1
35,31,2
45,17,3
20,7,3
11,10,2
4,29,1
8,25,1
47,40,3
20,34,1
47,6,3
46,5,3
40,9,3
7,29,1
8,31,1
50,2,3
19,26,1
10,48,1
49,32,3
16,1,3
39,47,1
31,7,3
10,4,3
50,20,3
24,10,3
3,21,1
47,8,3
7,4,2
43,45,2
17,40,1
49,40,3
42,33,3
28,43,1
5,13,1
13,31,1
3,8,1
35,44,1
1,33,1
9,22,1
3,44,1
41,40,2
25,35,1
4,23,1
39,37,2
11,46,1
40,23,3
48,41,3
12,44,1
35,29,3
39,22,3
11,47,1
15,40,1
8,15,1
18,26,1
4,38,1
45,44,2
50,4,3
32,38,1
46,3,3
22,11,3
9,44,1
32,18,3
35,31,2
27,17,3
50,21,3
31,29,2
9,42,1
46,8,3
11,38,1
5,27,1
41,35,3
7,5,2
20,48,1
27,44,1
50,8,3
23,8,3
9,50,1
33,5,3
19,41,1
25,33,1
41,35,3
45,14,3
47,43,2
10,25,1
25,15,3
36,46,1
45,1,3
1,43,1
2,5,2
14,40,1
42,47,1
1,9,1
14,46,1
28,11,3
41,19,3
16,33,1
14,50,1
44,17,3
24,45,1
43,47,2
4,22,1
50,16,3
28,49,1
10,15,1
3,49,1
28,8,3
32,26,3
22,17,3
49,45,2
39,5,3
18,6,3
10,45,1
30,38,1
41,8,3
2,20,1
3,46,1
7,1,3
24,48,1
32,42,1
35,9,3
26,27,2
41,3,3
22,34,1
48,31,3
47,6,3
43,1,3
5,12,1
14,28,1
29,10,3
42,5,3
31,42,1
45,49,2
37,21,3
33,7,3
17,25,1
13,9,2
10,4,3
22,36,1
3,40,1
45,33,3
28,13,3
35,33,2
15,25,1
32,7,3
10,39,1
38,18,3
30,24,3
37,46,1
17,34,1
43,33,3
9,8,2
16,3,3
21,27,1
46,38,3
6,25,1
39,35,2
22,17,3
18,21,2
19,28,1
16,47,1
39,19,3
43,8,3
10,22,1
40,20,3
2,17,1
46,22,3
24,5,3
7,14,1
2,17,1
29,9,3
6,18,1
38,48,1
37,20,3
39,48,1
19,18,2
29,37,1
47,50,2
29,25,2
23,37,1
39,18,3
42,6,3
46,3,3
48,45,2
37,17,3
37,10,3
48,14,3
15,47,1
13,38,1
17,42,1
16,14,2
41,36,3
44,50,1
8,49,1
43,17,3
43,45,2
24,9,3
45,38,3
45,46,2
1,21,1
27,13,3
36,14,3
11,44,1
47,5,3
37,23,3
32,34,2
23,11,3
25,17,3
19,8,3
15,36,1
16,8,3
30,40,1
43,14,3
34,10,3
8,28,1
50,14,3
3,11,1
41,34,3
29,21,3
32,31,2
45,22,3
3,30,1
19,16,2
41,8,3
24,40,1
3,11,1
44,46,2
48,2,3
16,50,1
25,26,2
1,19,1
43,6,3
23,3,3
47,43,2
39,6,3
43,7,3
32,5,3
6,16,1
43,1,3
15,9,3
38,29,3
7,13,1
22,2,3
8,43,1
32,37,1
49,16,3
35,49,1
15,9,3
34,43,1
15,38,1
29,47,1
1,17,1
44,26,3
36,45,1
12,4,3
26,6,3
44,20,3
22,16,3
19,26,1
14,2,3
16,37,1
46,26,3
37,47,1
6,38,1
7,29,1
8,2,3
7,27,1
48,10,3
2,20,1
11,45,1
6,15,1
40,35,3
49,38,3
21,29,1
48,13,3
13,6,3
41,15,3
10,2,3
1,7,1
14,40,1
46,49,2
4,34,1
18,50,1
49,29,3
27,50,1
30,20,3
41,49,1
45,32,3
15,21,1
25,1,3
32,6,3
21,32,1
11,39,1
49,16,3
50,21,3
42,13,3
15,38,1
42,35,3
10,15,1
25,28,2
50,2,3
33,9,3
4,1,2
12,35,1
15,3,3
41,50,1
19,36,1
11,47,1
15,41,1
48,26,3
9,18,1
24,12,3
3,30,1
28,21,3
32,31,2
6,49,1
37,22,3
47,50,2
37,41,2
1,33,1
18,50,1
3,15,1
15,5,3
46,20,3
1,41,1
25,3,3
32,24,3
4,46,1
41,1,3
28,14,3
6,32,1
39,16,3
6,29,1
22,50,1
4,21,1
46,15,3
7,50,1
5,9,2
24,16,3
43,12,3
45,16,3
17,39,1
17,46,1
33,21,3
31,23,3
32,37,1
19,39,1
20,1,3
43,18,3
29,28,2
30,7,3
1,21,1
41,44,2
13,4,3
2,24,1
17,24,1
34,30,2
39,20,3
6,45,1
47,15,3
16,34,1
24,45,1
20,15,3
50,7,3
15,25,1
37,48,1
49,40,3
42,4,3
46,24,3
18,14,2
12,36,1
34,9,3
13,45,1
4,13,1
46,27,3
38,9,3
41,6,3
45,42,2
43,22,3
32,4,3
33,34,2
18,5,3
6,27,1
26,48,1
10,24,1
41,13,3
29,44,1
6,2,2
17,1,3
13,34,1
31,2,3
16,8,3
20,44,1
25,2,3
3,23,1
17,39,1
40,24,3
32,10,3
48,2,3
4,29,1
34,48,1
50,37,3
18,26,1
12,6,3
23,1,3
30,37,1
25,49,1
37,2,3
30,34,2
7,45,1
13,28,1
32,42,1
5,36,1
3,22,1
38,29,3
18,2,3
17,46,1
35,6,3
36,49,1
15,8,3
43,15,3
37,50,1
48,39,3
34,43,1
19,45,1
16,30,1
25,47,1
29,45,1
27,31,2
6,8,2
17,4,3
40,12,3
27,43,1
8,4,2
14,16,2
22,34,1
34,11,3
6,34,1
1,50,1
9,32,1
31,44,1
2,45,1
35,33,2
47,20,3
36,15,3
18,2,3
15,42,1
7,15,1
12,20,1
3,13,1
26,41,1
44,24,3
35,49,1
35,27,3
13,23,1
40,9,3
25,12,3
15,4,3
14,4,3
13,1,3
4,46,1
4,3,2
13,6,3
25,39,1
11,46,1
22,8,3
27,4,3
20,25,1
21,43,1
32,5,3
11,37,1
35,31,2
8,21,1
17,12,3
27,7,3
26,39,1
31,29,2
10,29,1
14,33,1
40,41,2
24,9,3
21,30,1
41,24,3
21,34,1
10,8,2
45,23,3
12,41,1
10,29,1
24,40,1
38,12,3
11,5,3
16,5,3
18,47,1
4,31,1
8,23,1
7,1,3
45,40,3
50,13,3
21,48,1
9,15,1
38,29,3
44,40,2
3,36,1
50,13,3
46,48,2
2,20,1
30,24,3
45,33,3
50,33,3
47,11,3
24,20,2
12,42,1
7,12,1
47,32,3
6,10,2
38,11,3
47,11,3
49,43,3
11,26,1
14,13,2
29,31,2
48,37,3
49,16,3
2,45,1
13,34,1
50,11,3
37,48,1
46,17,3
5,32,1
27,12,3
7,30,1
45,31,3
22,31,1
20,25,1
13,29,1
47,36,3
46,18,3
45,20,3
12,29,1
23,15,3
36,47,1
50,47,2
50,22,3
18,12,3
1,30,1
15,6,3
16,43,1
3,22,1
38,18,3
22,18,2
37,23,3
15,34,1
35,17,3
19,6,3
25,12,3
40,43,2
17,2,3
10,23,1
16,12,2
10,26,1
32,13,3
11,10,2
8,9,2
19,45,1
19,24,1
38,15,3
30,2,3
35,12,3
36,49,1
14,49,1
32,15,3
5,8,2
13,9,2
21,45,1
21,28,1
41,37,2
3,49,1
9,33,1
1,40,1
1,14,1
38,29,3
43,35,3
17,37,1
45,27,3
29,49,1
14,33,1
36,15,3
27,28,2
26,4,3
4,49,1
25,41,1
28,31,2
5,4,2
5,39,1
10,38,1
42,22,3
5,38,1
3,27,1
49,2,3
23,27,2
42,5,3
1,14,1
47,8,3
37,21,3
11,9,2
25,41,1
10,12,2
20,12,3
27,30,2
22,6,3
22,24,2
18,20,2
36,4,3
15,26,1
19,15,2
12,11,2
20,3,3
34,12,3
43,25,3
36,27,3
14,5,3
12,28,1
13,7,3
1,8,1
28,33,1
14,45,1
48,18,3
15,8,3
37,24,3
45,1,3
30,21,3
41,19,3
19,41,1
47,32,3
6,3,2
19,32,1
19,34,1
12,4,3
47,14,3
2,46,1
45,18,3
24,18,3
25,17,3
50,42,3
20,21,2
30,36,1
19,11,3
25,5,3
32,36,2
5,34,1
9,47,1
48,14,3
18,8,3
23,29,1
10,5,3
20,9,3
27,19,3
4,1,2
12,21,1
10,16,1
27,9,3
3,47,1
37,17,3
30,15,3
39,18,3
20,24,2
39,38,2
25,44,1
43,9,3
11,13,2
28,4,3
22,27,1
10,20,1
16,1,3
47,37,3
28,43,1
27,41,1
28,15,3
21,40,1
32,25,3
24,27,2
26,15,3
18,39,1
16,48,1
17,47,1
19,33,1
40,17,3
39,17,3
22,47,1
8,50,1
20,7,3
48,9,3
26,44,1
40,50,1
13,33,1
49,2,3
1,36,1
6,32,1
21,30,1
6,13,1
15,43,1
21,7,3
46,19,3
17,41,1
30,2,3
2,22,1
47,31,3
30,46,1
38,9,3
30,12,3
11,40,1
16,6,3
43,15,3
46,22,3
26,40,1
39,6,3
37,50,1
14,47,1
44,49,1
15,48,1
25,2,3
16,22,1
45,9,3
34,40,1
4,25,1
32,22,3
7,21,1
41,20,3
35,11,3
43,20,3
5,39,1
31,37,1
42,31,3
39,13,3
44,34,3
43,5,3
19,3,3
13,31,1
19,41,1
41,49,1
23,1,3
21,50,1
19,24,1
11,8,2
45,41,2
20,7,3
50,35,3
37,39,2
48,25,3
46,3,3
41,19,3
1,18,1
39,28,3
14,10,2
35,2,3
37,18,3
4,24,1
24,25,2
25,9,3
47,48,2
43,39,2
37,8,3
23,39,1
39,30,3
32,49,1
17,12,3
43,33,3
23,39,1
28,39,1
9,21,1
31,35,2
10,8,2
27,4,3
32,24,3
6,30,1
4,15,1
25,1,3
28,7,3
14,38,1
11,32,1
50,21,3
25,35,1
30,33,2
20,41,1
40,45,1
14,49,1
7,8,2
37,35,2
41,35,3
24,45,1
11,6,3
29,33,2
38,30,3
32,29,2
30,2,3
7,10,2
31,26,3
25,39,1
40,22,3
50,20,3
43,17,3
35,23,3
21,10,3
14,3,3
23,28,1
50,49,2
9,38,1
23,27,2
27,12,3
44,5,3
17,41,1
10,15,1
50,42,3
1,22,1
44,40,2
8,13,1
30,38,1
15,6,3
9,12,2
11,26,1
12,31,1
25,38,1
17,4,3
13,6,3
48,39,3
34,19,3
42,9,3
37,21,3
30,15,3
44,33,3
46,24,3
38,16,3
36,14,3
10,30,1
38,18,3
19,44,1
24,10,3
27,1,3
10,33,1
29,14,3
39,28,3
1,24,1
48,20,3
30,16,3
50,8,3
10,27,1
39,4,3
32,3,3
16,44,1
17,22,1
39,50,1
30,36,1
38,42,2
15,43,1
50,30,3
18,30,1
11,19,1
11,13,2
31,7,3
10,18,1
28,50,1
18,11,3
5,40,1
9,40,1
12,44,1
32,24,3
29,14,3
33,8,3
11,33,1
47,19,3
24,36,1
29,9,3
15,49,1
10,11,2
44,35,3
6,22,1
14,20,1
11,47,1
49,23,3
29,41,1
31,25,3
10,3,3
44,49,1
17,40,1
40,36,2
26,13,3
30,46,1
38,3,3
37,9,3
27,24,2
1,5,2
20,32,1
28,14,3
14,49,1
16,44,1
29,17,3
7,22,1
12,2,3
46,37,3
49,23,3
13,34,1
39,19,3
36,25,3
39,35,2
31,28,2
11,45,1
39,13,3
26,16,3
4,48,1
50,3,3
18,7,3
3,21,1
20,8,3
48,36,3
6,9,2
28,17,3
38,7,3
25,9,3
19,50,1
40,45,1
10,22,1
48,9,3
1,16,1
47,14,3
17,20,2
37,22,3
44,17,3
1,41,1
9,13,2
40,3,3
14,29,1
7,38,1
20,29,1
25,49,1
35,46,1
22,12,3
31,23,3
9,38,1
5,4,2
27,34,1
48,1,3
35,7,3
15,50,1
11,16,1
24,29,1
31,46,1
41,49,1
1,40,1
33,50,1
33,26,3
31,39,1
22,30,1
34,25,3
50,40,3
43,50,1
6,5,2
3,29,1
33,18,3
43,32,3
45,14,3
46,23,3
23,8,3
20,17,2
37,30,3
22,18,2
47,6,3
14,17,2
12,9,2
2,32,1
21,42,1
31,4,3
18,38,1
29,3,3
28,3,3
33,13,3
18,35,1
2,40,1
35,34,2
25,29,2
45,42,2
40,41,2
38,19,3
6,16,1
14,16,2
6,8,2
9,48,1
3,46,1
6,42,1
37,27,3
4,42,1
6,48,1
9,38,1
44,37,3
13,37,1
14,6,3
28,33,1
13,16,2
26,34,1
33,13,3
27,43,1
7,18,1
1,4,2
30,49,1
42,19,3
6,31,1
26,40,1
44,39,3
14,8,3
43,42,2
38,3,3
40,20,3
14,48,1
43,11,3
17,45,1
39,7,3
10,34,1
6,42,1
11,42,1
46,15,3
46,48,2
39,17,3
36,44,1
2,21,1
18,17,2
25,35,1
2,28,1
8,50,1
18,4,3
13,2,3
23,18,3
31,22,3
3,33,1
38,35,2
16,23,1
28,49,1
31,44,1
38,4,3
18,47,1
34,23,3
36,17,3
14,48,1
23,44,1
50,17,3
16,7,3
42,6,3
24,27,2
33,3,3
6,45,1
20,46,1
6,8,2
50,25,3
16,14,2
15,5,3
45,42,2
33,4,3
10,26,1
46,25,3
44,2,3
6,22,1
22,9,3
37,13,3
9,7,2
38,40,2
47,49,2
18,46,1
39,15,3
13,17,2
4,32,1
36,29,3
22,37,1
9,39,1
6,8,2
12,5,3
21,12,3
22,40,1
16,34,1
29,3,3
27,25,2
49,29,3
47,9,3
13,21,1
7,13,1
13,20,1
33,48,1
32,25,3
15,37,1
35,31,2
46,44,2
30,2,3
24,49,1
38,7,3
10,4,3
22,44,1
44,15,3
20,25,1
17,3,3
42,39,2
8,18,1
6,31,1
3,26,1
17,43,1
19,18,2
9,33,1
44,26,3
36,25,3
28,37,1
16,3,3
29,6,3
21,36,1
22,43,1
23,10,3
20,29,1
39,23,3
33,5,3
25,39,1
4,16,1
1,42,1
37,40,2
20,33,1
33,49,1
36,23,3
5,29,1
46,4,3
25,30,1
4,5,2
1,21,1
49,27,3
44,11,3
24,4,3
5,16,1
16,27,1
36,5,3
21,17,2
28,29,2
9,1,3
11,37,1
36,23,3
50,13,3
1,50,1
17,35,1
24,22,2
23,47,1
11,15,2
2,19,1
25,24,2
35,43,1
9,14,1
2,3,2
11,46,1
10,31,1
8,39,1
10,5,3
13,48,1
44,14,3
5,34,1
9,20,1
20,18,2
12,19,1
27,3,3
7,23,1
17,31,1
2,26,1
40,46,1
6,42,1
14,5,3
48,45,2
21,15,3
16,31,1
17,40,1
5,3,2
12,50,1
15,16,2
44,12,3
18,12,3
30,19,3
39,28,3
39,4,3
21,12,3
25,28,2
50,38,3
39,42,2
39,48,1
33,25,3
26,27,2
18,13,3
6,48,1
33,25,3
26,30,2
9,29,1
7,5,2
50,9,3
50,29,3
46,49,2
32,20,3
22,17,3
27,2,3
11,28,1
47,40,3
10,26,1
13,8,3
40,5,3
7,1,3
39,30,3
8,1,3
24,10,3
3,10,1
13,30,1
17,10,3
9,21,1
30,14,3
3,21,1
27,49,1
49,37,3
5,30,1
33,48,1
32,36,2
25,22,2
48,23,3
1,44,1
14,46,1
9,47,1
24,18,3
13,46,1
50,13,3
40,37,2
42,24,3
10,26,1
48,17,3
4,24,1
31,30,2
8,33,1
17,2,3
1,40,1
17,46,1
34,19,3
12,28,1
17,27,1
27,5,3
31,33,2
27,4,3
27,42,1
18,6,3
24,6,3
24,36,1
25,30,1
47,40,3
14,26,1
3,45,1
34,27,3
9,43,1
42,14,3
23,14,3
11,42,1
28,32,2
33,35,2
1,24,1
16,28,1
33,47,1
2,29,1
29,31,2
9,26,1
42,4,3
3,36,1
40,4,3
21,18,2
37,34,2
20,15,3
30,26,2
39,12,3
48,20,3
19,11,3
29,14,3
31,9,3
25,48,1
17,10,3
7,50,1
6,16,1
10,39,1
37,19,3
18,39,1
42,31,3
48,28,3
7,43,1
29,28,2
2,21,1
22,47,1
3,50,1
25,24,2
40,18,3
41,35,3
41,16,3
14,24,1
40,10,3
32,12,3
14,50,1
18,13,3
8,42,1
31,42,1
17,12,3
46,36,3
21,19,2
35,49,1
31,50,1
49,44,3
3,34,1
28,45,1
47,38,3
19,22,2
17,38,1
39,1,3
37,14,3
16,31,1
50,47,2
44,31,3
12,49,1
13,31,1
13,32,1
47,3,3
17,7,3
42,19,3
46,4,3
14,21,1
12,45,1
48,13,3
17,11,3
42,34,3
25,43,1
24,23,2
1,33,1
40,26,3
13,3,3
18,7,3
48,13,3
45,15,3
20,16,2
22,41,1
26,29,2
39,24,3
6,5,2
7,41,1
41,30,3
32,10,3
8,25,1
45,1,3
22,4,3
39,12,3
38,29,3
42,33,3
9,45,1
2,50,1
5,8,2
27,22,3
50,23,3
32,20,3
41,45,2
42,24,3
27,2,3
46,19,3
28,31,2
15,9,3
3,48,1
42,43,2
36,19,3
6,12,1
34,1,3
14,45,1
44,13,3
29,48,1
32,6,3
1,48,1
42,50,1
34,39,1
37,25,3
24,35,1
23,11,3
18,46,1
33,8,3
34,17,3
27,28,2
43,1,3
14,31,1
26,28,2
4,9,1
35,31,2
41,25,3
34,50,1
21,7,3
30,42,1
43,34,3
36,14,3
36,43,1
50,26,3
19,37,1
2,40,1
7,37,1
2,20,1
32,10,3
14,50,1
16,35,1
36,44,1
6,15,1
14,2,3
11,33,1
33,18,3
2,9,1
24,40,1
38,29,3
39,47,1
6,42,1
37,36,2
43,50,1
27,23,2
40,9,3
2,28,1
48,9,3
17,27,1
33,36,2
26,17,3
42,17,3
29,31,2
26,41,1
13,26,1
37,26,3
48,34,3
17,4,3
33,11,3
4,29,1
26,19,3
48,41,3
19,14,3
2,28,1
2,17,1
40,1,3
10,38,1
41,15,3
3,47,1
5,26,1
22,12,3
27,22,3
4,14,1
12,35,1
36,20,3
4,2,2
11,36,1
45,2,3
35,16,3
26,9,3
33,15,3
9,10,2
3,5,2
27,34,1
33,7,3
21,36,1
23,20,2
45,8,3
24,14,3
50,39,3
26,4,3
41,5,3
37,43,1
13,2,3
24,49,1
38,37,2
45,16,3
48,1,3
43,8,3
31,44,1
46,8,3
36,13,3
38,33,3
36,14,3
32,17,3
23,28,1
38,6,3
11,35,1
24,30,1
43,10,3
1,10,1
28,49,1
34,31,2
28,42,1
18,27,1
33,7,3
13,40,1
11,21,1
1,42,1
46,11,3
18,8,3
2,49,1
17,45,1
40,33,3
10,23,1
35,7,3
19,26,1
18,29,1
8,14,1
48,46,2
40,10,3
19,22,2
1,29,1
36,1,3
3,11,1
20,16,2
44,22,3
35,16,3
42,7,3
5,13,1
50,37,3
47,34,3
46,41,3
48,21,3
32,38,1
3,47,1
3,2,2
23,21,2
39,13,3
46,19,3
14,7,3
11,31,1
22,27,1
49,28,3
50,30,3
23,35,1
21,48,1
43,42,2
34,6,3
4,9,1
28,40,1
13,6,3
23,32,1
47,11,3
33,39,1
17,33,1
23,35,1
31,40,1
38,16,3
12,1,3
47,48,2
28,49,1
34,42,1
49,20,3
50,12,3
24,7,3
13,43,1
40,32,3
4,47,1
22,46,1
37,17,3
26,49,1
31,15,3
50,48,2
28,27,2
12,46,1
19,21,2
43,3,3
4,28,1
13,49,1
39,43,2
12,5,3
9,15,1
6,9,2
47,12,3
11,17,1
4,40,1
14,3,3
46,26,3
44,14,3
27,45,1
41,18,3
1,9,1
43,45,2
44,21,3
27,9,3
26,36,1
22,36,1
9,38,1
12,26,1
26,21,3
4,34,1
10,7,2
16,29,1
41,8,3
28,16,3
38,37,2
13,14,2
21,36,1
33,31,2
8,38,1
43,42,2
33,32,2
39,9,3
42,25,3
5,38,1
19,46,1
17,24,1
5,41,1
15,13,2
48,32,3
47,7,3
36,8,3
50,32,3
30,20,3
11,50,1
49,38,3
50,21,3
15,31,1
3,50,1
47,13,3
30,12,3
28,4,3
29,17,3
34,28,3
8,17,1
41,17,3
14,8,3
47,21,3
23,37,1
3,16,1
5,48,1
36,19,3
22,13,3
39,34,3
39,26,3
20,8,3
17,31,1
31,21,3
17,3,3
28,29,2
14,29,1
34,17,3
27,40,1
37,49,1
27,23,2
27,17,3
41,31,3
8,15,1
40,12,3
44,48,2
18,4,3
25,34,1
6,47,1
34,10,3
47,27,3
33,16,3
12,13,2
46,18,3
39,22,3
30,32,2
50,5,3
1,46,1
17,44,1
3,28,1
35,33,2
17,13,2
22,43,1
13,8,3
31,5,3
23,49,1
30,13,3
45,11,3
8,30,1
22,16,3
48,26,3
49,7,3
11,50,1
50,2,3
47,25,3
19,25,1
19,27,1
18,40,1
10,11,2
9,18,1
34,46,1
21,37,1
38,13,3
7,13,1
20,41,1
31,37,1
18,39,1
32,50,1
8,43,1
12,38,1
48,41,3
15,29,1
38,15,3
35,7,3
8,16,1
18,22,2
2,46,1
10,26,1
33,9,3
41,21,3
29,15,3
14,27,1
41,43,2
49,10,3
41,28,3
18,7,3
34,30,2
30,5,3
5,2,2
39,6,3
13,18,1
12,23,1
25,14,3
36,39,2
40,44,2
36,15,3
17,33,1
19,3,3
8,46,1
10,21,1
32,26,3
26,16,3
31,1,3
7,9,2
3,25,1
45,11,3
44,43,2
34,15,3
21,6,3
11,10,2
27,6,3
39,22,3
35,39,2
7,8,2
9,37,1
22,12,3
16,48,1
48,39,3
29,28,2
4,30,1
14,49,1
28,3,3
3,33,1
7,4,2
19,10,3
28,1,3
37,43,1
44,41,2
42,12,3
33,43,1
1,32,1
42,39,2
43,18,3
19,2,3
19,29,1
41,21,3
9,42,1
24,40,1
40,22,3
19,14,3
21,42,1
49,31,3
40,9,3
22,21,2
20,36,1
28,45,1
8,42,1
29,27,2
50,15,3
26,25,2
15,46,1
28,39,1
47,14,3
24,46,1
6,34,1
21,48,1
38,25,3
30,3,3
27,14,3
11,50,1
9,5,2
38,41,2
42,29,3
34,9,3
29,17,3
39,42,2
50,25,3
43,40,2
43,13,3
38,9,3
34,40,1
45,41,2
24,43,1
25,34,1
12,26,1
37,49,1
37,36,2
15,25,1
32,44,1
2,30,1
19,46,1
37,21,3
19,42,1
4,24,1
43,30,3
16,1,3
17,31,1
28,46,1
10,27,1
30,12,3
11,17,1
45,50,1
1,49,1
5,48,1
34,26,3
35,12,3
8,30,1
46,33,3
9,7,2
7,20,1
11,28,1
18,3,3
44,18,3
12,17,1
3,34,1
27,31,2
5,37,1
24,46,1
47,45,2
15,48,1
5,48,1
12,29,1
2,44,1
16,8,3
5,8,2
10,31,1
8,45,1
7,14,1
19,7,3
3,32,1
10,17,1
37,47,1
33,16,3
31,8,3
18,46,1
16,35,1
3,16,1
18,42,1
38,10,3
18,34,1
46,34,3
42,8,3
38,4,3
49,43,3
45,27,3
11,19,1
46,48,2
34,50,1
21,31,1
9,44,1
5,22,1
44,43,2
18,29,1
39,44,1
25,9,3
23,13,3
24,31,1
14,23,1
36,27,3
19,7,3
22,7,3
46,10,3
28,27,2
45,17,3
3,13,1
25,44,1
35,23,3
2,28,1
31,29,2
25,47,1
6,40,1
1,33,1
16,10,3
42,5,3
13,38,1
8,3,3
15,36,1
33,11,3
4,5,2
18,45,1
30,6,3
17,9,3
38,44,1
30,18,3
35,9,3
15,26,1
22,50,1
26,11,3
18,6,3
15,31,1
41,19,3
36,31,3
23,48,1
16,21,1
2,1,2
19,3,3
29,30,2
27,33,1
49,25,3
34,3,3
30,10,3
16,34,1
28,12,3
19,1,3
9,18,1
33,13,3
40,7,3
14,18,2
6,13,1
40,26,3
12,26,1
22,45,1
26,49,1
44,25,3
45,9,3
4,36,1
44,8,3
45,16,3
26,39,1
5,2,2
8,42,1
33,36,2
50,46,2
8,36,1
27,36,1
28,1,3
37,42,1
47,9,3
29,25,2
3,1,2
13,15,2
15,16,2
20,42,1
3,24,1
22,11,3
41,26,3
5,44,1
8,26,1
45,26,3
18,47,1
34,20,3
20,21,2
4,42,1
15,10,3
7,31,1
16,29,1
46,47,2
8,17,1
16,28,1
10,16,1
9,13,2
39,28,3
4,10,1
23,8,3
35,43,1
34,16,3
32,4,3
15,30,1
26,39,1
17,7,3
50,7,3
2,42,1
2,47,1
14,39,1
39,12,3
16,45,1
49,8,3
21,11,3
33,17,3
2,43,1
22,38,1
42,19,3
2,9,1
40,50,1
41,34,3
18,20,2
38,19,3
14,11,2
27,40,1
42,23,3
6,48,1
46,14,3
39,23,3
8,32,1
32,45,1
10,20,1
11,23,1
34,26,3
4,3,2
35,50,1
8,18,1
29,50,1
47,32,3
5,42,1
45,46,2
17,19,2
14,24,1
14,36,1
14,46,1
15,42,1
32,21,3
50,19,3
18,3,3
39,49,1
48,9,3
7,39,1
25,21,2
32,33,2
3,8,1
30,21,3
9,48,1
37,36,2
18,26,1
11,46,1
38,28,3
2,11,1
36,35,2
5,12,1
39,37,2
11,25,1
30,49,1
7,26,1
2,45,1
50,16,3
42,11,3
26,2,3
35,13,3
20,32,1
28,46,1
44,34,3
43,28,3
11,28,1
22,32,1
33,21,3
27,12,3
17,19,2
37,40,2
13,34,1
44,10,3
11,23,1
28,19,3
19,2,3
49,38,3
3,40,1
8,27,1
36,6,3
17,26,1
4,12,1
11,43,1
25,15,3
26,23,2
16,17,2
11,9,2
35,20,3
22,29,1
12,6,3
32,17,3
12,22,1
5,34,1
13,21,1
5,30,1
10,3,3
31,34,2
39,50,1
21,13,3
19,17,2
50,24,3
32,36,2
8,42,1
18,41,1
37,40,2
43,32,3
10,29,1
30,18,3
5,10,1
27,42,1
8,21,1
50,3,3
42,25,3
15,30,1
49,28,3
20,17,2
43,31,3
1,13,1
24,33,1
12,3,3
35,45,1
9,26,1
7,49,1
24,7,3
39,34,3
12,21,1
43,2,3
15,44,1
38,31,3
2,22,1
9,29,1
23,33,1
30,19,3
38,22,3
43,24,3
27,16,3
41,12,3
7,15,1
35,4,3
43,21,3
47,5,3
43,17,3
48,18,3
6,44,1
28,47,1
13,21,1
35,7,3
23,12,3
32,17,3
47,2,3
45,30,3
14,40,1
19,28,1
38,32,3
47,21,3
40,24,3
44,9,3
13,38,1
30,33,2
2,41,1
47,15,3
46,17,3
40,49,1
33,19,3
8,32,1
43,17,3
40,30,3
6,28,1
4,13,1
1,8,1
17,21,2
9,37,1
24,7,3
1,29,1
2,5,2
34,11,3
28,49,1
1,37,1
24,47,1
34,27,3
2,49,1
1,23,1
35,6,3
20,14,3
48,13,3
11,6,3
45,30,3
21,32,1
18,22,2
36,25,3
39,7,3
7,9,2
1,28,1
45,25,3
42,23,3
11,39,1
24,34,1
26,34,1
16,7,3
43,15,3
37,50,1
14,15,2
9,45,1
36,13,3
38,41,2
45,20,3
10,4,3
7,28,1
21,13,3
47,46,2
7,31,1
32,39,1
45,41,2
43,18,3
10,41,1
7,5,2
38,3,3
24,29,1
4,6,2
26,36,1
46,13,3
3,14,1
50,32,3
37,29,3
1,7,1
37,14,3
7,6,2
9,14,1
33,28,3
25,41,1
36,18,3
37,5,3
28,41,1
40,41,2
47,37,3
43,40,2
22,39,1
41,24,3
40,44,2
17,16,2
2,17,1
17,27,1
6,12,1
10,3,3
4,32,1
1,26,1
9,32,1
48,14,3
24,32,1
20,3,3
2,41,1
50,11,3
33,25,3
22,28,1
25,48,1
38,44,1
11,12,2
24,15,3
15,5,3
3,31,1
21,19,2
35,6,3
37,16,3
17,45,1
40,21,3
9,50,1
7,40,1
41,32,3
24,50,1
18,46,1
42,29,3
42,18,3
46,26,3
19,38,1
45,2,3
15,33,1
15,31,1
15,50,1
12,21,1
38,39,2
1,34,1
40,15,3
38,1,3
33,5,3
17,21,2
27,15,3
6,31,1
39,50,1
39,41,2
45,44,2
30,29,2
36,33,2
27,13,3
34,38,2
41,38,2
16,27,1
3,40,1
15,33,1
38,28,3
22,19,2
49,42,3
17,31,1
49,17,3
49,44,3
39,14,3
2,38,1
20,14,3
4,37,1
6,21,1
5,37,1
37,49,1
14,16,2
15,29,1
34,14,3
19,9,3
23,9,3
28,32,2
33,32,2
28,36,1
41,12,3
4,34,1
35,37,2
37,31,3
37,2,3
12,36,1
9,37,1
18,29,1
37,35,2
12,19,1
22,45,1
24,48,1
9,34,1
33,22,3
33,14,3
39,11,3
27,34,1
22,24,2
9,38,1
18,14,2
6,35,1
14,27,1
39,48,1
38,15,3
25,2,3
50,24,3
16,37,1
28,4,3
8,44,1
39,12,3
48,47,2
42,40,2
27,38,1
35,42,1
30,40,1
41,44,2
4,41,1
26,1,3
15,5,3
31,9,3
24,9,3
13,24,1
23,24,2
7,15,1
1,23,1
50,21,3
31,37,1
34,40,1
41,2,3
44,38,3
4,17,1
7,38,1
9,21,1
8,11,2
13,5,3
41,45,2
46,26,3
22,25,2
28,40,1
47,15,3
44,40,2
17,23,1
14,32,1
7,9,2
33,43,1
37,1,3
24,8,3
14,39,1
31,48,1
25,11,3
39,47,1
4,22,1
33,23,3
1,8,1
20,41,1
31,49,1
36,33,2
18,28,1
34,26,3
42,29,3
25,2,3
39,16,3
10,39,1
20,46,1
18,40,1
32,4,3
28,36,1
31,10,3
10,38,1
21,15,3
25,4,3
15,42,1
8,21,1
32,1,3
50,34,3
9,41,1
46,17,3
15,39,1
37,38,2
9,25,1
15,28,1
6,21,1
23,50,1
7,26,1
1,33,1
4,19,1
29,38,1
35,12,3
46,36,3
48,14,3
50,12,3
50,43,3
42,18,3
7,11,2
7,12,1
14,31,1
15,34,1
3,13,1
1,33,1
14,43,1
26,20,3
32,23,3
11,35,1
43,9,3
16,38,1
27,17,3
47,17,3
5,24,1
40,49,1
27,25,2
15,36,1
41,31,3
22,1,3
42,10,3
6,2,2
8,41,1
20,33,1
3,33,1
50,31,3
32,10,3
12,9,2
10,32,1
30,43,1
39,27,3
12,10,2
14,8,3
27,34,1
24,7,3
37,6,3
21,44,1
9,28,1
43,9,3
12,3,3
47,40,3
4,40,1
6,48,1
4,20,1
44,28,3
9,17,1
30,2,3
1,14,1
13,1,3
19,40,1
2,50,1
46,6,3
31,19,3
13,3,3
42,47,1
46,20,3
18,20,2
26,34,1
35,15,3
20,47,1
48,27,3
15,36,1
43,45,2
40,21,3
2,24,1
45,46,2
42,16,3
26,11,3
29,4,3
11,23,1
1,14,1
9,11,2
7,6,2
20,44,1
14,48,1
13,9,2
39,13,3
18,37,1
17,20,2
23,24,2
49,39,3
29,44,1
33,28,3
5,31,1
37,36,2
4,29,1
18,9,3
15,16,2
2,35,1
43,38,3
29,40,1
50,43,3
28,19,3
16,31,1
25,23,2
25,1,3
13,22,1
1,25,1
4,9,1
41,10,3
49,41,3
34,32,2
48,17,3
19,36,1
23,47,1
27,3,3
41,15,3
46,15,3
32,14,3
39,21,3
48,17,3
50,24,3
32,39,1
29,42,1
21,28,1
42,5,3
9,37,1
33,24,3
46,36,3
10,40,1
5,36,1
16,11,3
35,18,3
3,26,1
26,10,3
50,3,3
24,36,1
5,24,1
13,8,3
44,20,3
25,37,1
9,17,1
48,39,3
37,34,2
47,33,3
20,37,1
24,31,1
48,28,3
41,13,3
8,20,1
33,8,3
32,16,3
48,17,3
44,39,3
28,45,1
22,39,1
22,15,3
21,15,3
48,36,3
28,36,1
21,43,1
34,16,3
37,8,3
12,48,1
21,2,3
7,5,2
4,43,1
8,27,1
38,13,3
1,7,1
21,35,1
16,26,1
37,23,3
17,19,2
43,41,2
41,11,3
43,41,2
39,31,3
49,5,3
45,3,3
11,14,2
4,48,1
38,19,3
43,25,3
30,48,1
38,39,2
21,26,1
2,11,1
7,42,1
43,22,3
27,25,2
49,3,3
19,34,1
23,39,1
37,12,3
2,20,1
12,15,2
10,44,1
13,47,1
28,21,3
24,12,3
3,32,1
4,24,1
18,15,2
13,50,1
35,50,1
41,31,3
47,34,3
34,25,3
49,26,3
9,8,2
17,48,1
25,3,3
29,27,2
29,26,2
7,25,1
30,37,1
37,24,3
43,2,3
25,50,1
6,41,1
7,36,1
6,32,1
35,45,1
30,29,2
5,12,1
50,7,3
1,27,1
44,25,3
46,40,3
27,16,3
9,41,1
26,15,3
44,38,3
47,40,3
13,49,1
31,7,3
3,37,1
10,32,1
25,40,1
12,48,1
31,44,1
27,12,3
11,48,1
40,37,2
34,50,1
5,44,1
35,47,1
11,43,1
28,33,1
30,28,2
49,29,3
18,21,2
8,38,1
7,29,1
12,38,1
36,33,2
22,48,1
46,14,3
38,12,3
13,18,1
32,17,3
8,11,2
30,12,3
35,29,3
46,11,3
14,22,1
14,20,1
37,5,3
1,12,1
15,34,1
32,13,3
46,37,3
18,17,2
34,2,3
5,50,1
34,6,3
8,49,1
18,22,2
25,3,3
49,43,3
48,33,3
46,44,2
2,12,1
46,30,3
27,44,1
29,49,1
12,7,3
32,25,3
27,42,1
50,24,3
30,31,2
3,33,1
5,44,1
11,14,2
16,15,2
39,6,3
27,5,3
19,41,1
45,44,2
48,25,3
45,12,3
50,14,3
48,4,3
7,4,2
11,16,1
4,21,1
18,24,1
36,50,1
32,38,1
44,11,3
5,2,2
17,32,1
19,22,2
33,12,3
8,9,2
42,34,3
40,39,2
28,10,3
43,17,3
37,8,3
33,21,3
3,32,1
19,46,1
31,46,1
26,16,3
22,4,3
42,18,3
3,19,1
9,45,1
21,42,1
47,26,3
23,3,3
30,38,1
46,23,3
38,13,3
7,34,1
22,7,3
38,47,1
24,38,1
11,50,1
17,1,3
21,39,1
34,17,3
34,46,1
12,23,1
49,38,3
44,9,3
42,27,3
48,49,2
42,34,3
37,50,1
1,42,1
10,14,2
3,5,2
26,9,3
23,1,3
30,33,2
5,40,1
24,1,3
24,45,1
9,15,1
2,3,2
50,15,3
20,25,1
16,8,3
27,7,3
6,11,1
23,2,3
3,35,1
45,42,2
34,1,3
29,33,2
6,41,1
35,10,3
43,28,3
21,19,2
45,8,3
26,33,1
4,3,2
16,11,3
6,35,1
43,2,3
16,15,2
16,23,1
23,11,3
3,13,1
20,47,1
10,22,1
21,4,3
42,25,3
41,42,2
22,24,2
4,6,2
9,14,1
30,23,3
1,34,1
39,26,3
32,42,1
21,4,3
3,41,1
36,42,1
16,1,3
41,8,3
11,38,1
20,39,1
37,22,3
21,41,1
31,25,3
32,28,2
24,28,2
30,6,3
43,33,3
47,16,3
21,50,1
11,31,1
38,27,3
4,46,1
40,43,2
28,36,1
45,28,3
15,24,1
46,42,2
43,25,3
25,26,2
2,44,1
37,10,3
23,7,3
17,28,1
42,6,3
39,14,3
21,38,1
18,41,1
50,27,3
44,27,3
50,46,2
21,34,1
12,22,1
18,10,3
21,2,3
47,36,3
24,46,1
46,47,2
9,38,1
25,35,1
50,12,3
49,11,3
7,22,1
49,42,3
12,24,1
7,3,2
32,17,3
40,35,3
49,36,3
48,23,3
1,48,1
38,25,3
13,21,1
4,16,1
26,32,1
19,41,1
29,40,1
43,29,3
23,15,3
9,4,3
2,11,1
2,43,1
35,3,3
24,41,1
39,19,3
7,35,1
24,36,1
43,25,3
1,10,1
41,40,2
23,5,3
16,46,1
5,32,1
13,2,3
50,13,3
31,18,3
24,30,1
7,1,3
45,41,2
31,47,1
21,14,3
46,4,3
14,32,1
24,46,1
22,38,1
46,2,3
3,34,1
9,38,1
32,34,2
8,9,2
26,10,3
19,39,1
6,13,1
35,3,3
2,41,1
17,6,3
11,34,1
39,36,2
2,44,1
9,3,3
34,13,3
15,31,1
33,24,3
15,27,1
37,1,3
33,30,2
4,16,1
34,35,2
7,26,1
10,35,1
14,10,2
10,17,1
25,28,2
17,47,1
42,12,3
37,49,1
37,13,3
4,35,1
30,38,1
44,36,3
20,35,1
42,12,3
3,28,1
17,23,1
29,18,3
21,5,3
17,46,1
9,13,2
32,22,3
34,26,3
41,22,3
30,34,2
2,42,1
11,13,2
12,26,1
10,29,1
11,8,2
18,26,1
27,37,1
44,34,3
6,3,2
26,15,3
12,49,1
22,7,3
11,47,1
1,44,1
41,11,3
50,35,3
8,14,1
18,7,3
44,43,2
2,50,1
50,8,3
44,50,1
15,13,2
9,50,1
2,44,1
20,14,3
48,5,3
35,40,1
18,40,1
21,36,1
4,45,1
27,43,1
30,44,1
48,20,3
30,43,1
31,29,2
15,19,2
8,48,1
22,2,3
32,40,1
23,26,2
2,32,1
34,37,2
21,7,3
35,3,3
8,27,1
26,30,2
22,26,2
48,17,3
23,2,3
9,28,1
30,23,3
45,37,3
49,38,3
22,13,3
15,19,2
12,36,1
37,33,2
39,44,1
37,13,3
9,50,1
15,26,1
47,35,3
49,23,3
45,37,3
3,43,1
46,17,3
29,32,2
10,20,1
31,38,1
4,14,1
20,45,1
22,3,3
43,34,3
12,24,1
1,5,2
38,3,3
24,10,3
8,15,1
49,3,3
27,48,1
46,39,3
15,31,1
45,23,3
32,8,3
29,27,2
21,39,1
42,11,3
39,17,3
31,42,1
41,26,3
15,36,1
15,36,1
17,23,1
22,38,1
38,14,3
16,21,1
32,48,1
36,26,3
45,28,3
23,1,3
3,29,1
39,48,1
42,24,3
21,17,2
43,8,3
43,40,2
45,22,3
35,13,3
28,9,3
14,13,2
38,19,3
38,14,3
31,12,3
35,43,1
32,26,3
5,7,2
4,40,1
48,20,3
15,22,1
43,37,3
5,3,2
14,27,1
30,29,2
31,11,3
30,19,3
36,48,1
31,20,3
6,47,1
27,10,3
38,45,1
5,40,1
26,25,2
27,14,3
35,21,3
26,9,3
31,13,3
38,17,3
38,39,2
4,33,1
8,47,1
6,36,1
17,44,1
16,47,1
18,16,2
49,45,2
36,42,1
45,33,3
41,40,2
41,50,1
14,49,1
37,41,2
37,25,3
12,35,1
4,30,1
31,25,3
43,14,3
4,23,1
18,27,1
45,27,3
4,18,1
40,5,3
31,19,3
50,2,3
44,32,3
20,7,3
1,38,1
32,13,3
3,39,1
18,9,3
1,9,1
44,11,3
16,37,1
11,12,2
45,39,3
3,28,1
19,7,3
10,8,2
10,19,1
37,4,3
29,2,3
1,17,1
22,13,3
20,35,1
38,42,2
17,12,3
7,49,1
49,23,3
19,12,3
24,7,3
40,4,3
15,6,3
14,43,1
48,3,3
23,34,1
43,38,3
6,37,1
29,17,3
32,47,1
39,18,3
38,32,3
43,45,2
33,14,3
38,13,3
49,11,3
47,21,3
28,46,1
25,23,2
18,48,1
1,50,1
20,46,1
5,33,1
21,36,1
35,49,1
10,31,1
46,25,3
16,42,1
34,35,2
8,5,2
36,1,3
38,20,3
18,50,1
6,21,1
36,38,2
34,26,3
39,32,3
50,42,3
43,28,3
48,41,3
29,41,1
18,22,2
8,28,1
10,50,1
30,7,3
32,47,1
29,15,3
32,16,3
24,43,1
25,9,3
11,7,2
45,41,2
29,25,2
18,46,1
44,11,3
31,45,1
25,34,1
9,14,1
33,44,1
40,23,3
7,8,2
26,4,3
36,25,3
46,22,3
37,18,3
37,41,2
7,14,1
34,36,2
50,22,3
19,49,1
50,29,3
45,13,3
39,23,3
45,31,3
35,36,2
38,44,1
13,45,1
6,34,1
41,37,2
20,42,1
43,15,3
7,11,2
39,25,3
48,21,3
21,2,3
6,13,1
12,3,3
41,37,2
6,42,1
26,49,1
49,14,3
50,12,3
9,34,1
20,50,1
40,22,3
10,35,1
5,43,1
32,17,3
2,12,1
2,48,1
43,12,3
20,38,1
33,50,1
30,13,3
49,39,3
18,24,1
35,10,3
18,25,1
42,14,3
13,44,1
19,37,1
31,21,3
30,22,3
5,10,1
3,46,1
46,33,3
15,13,2
50,13,3
22,7,3
29,28,2
38,17,3
37,31,3
30,23,3
34,33,2
10,40,1
20,48,1
28,2,3
26,38,1
22,27,1
20,24,2
24,33,1
1,44,1
3,14,1
26,19,3
36,50,1
36,32,2
40,12,3
44,22,3
38,13,3
38,32,3
27,7,3
38,3,3
17,29,1
8,40,1
33,50,1
43,42,2
17,37,1
50,22,3
27,50,1
34,50,1
23,36,1
9,15,1
1,38,1
37,16,3
25,4,3
6,34,1
49,7,3
35,46,1
43,27,3
4,22,1
12,47,1
48,6,3
42,44,2
32,35,2
45,15,3
29,35,1
10,34,1
17,16,2
4,33,1
33,9,3
29,37,1
33,39,1
30,31,2
34,23,3
48,2,3
1,23,1
37,27,3
36,26,3
36,27,3
48,3,3
10,9,2
2,10,1
16,3,3
30,20,3
39,30,3
27,43,1
36,46,1
36,9,3
14,44,1
28,19,3
34,39,1
39,29,3
25,13,3
3,11,1
33,7,3
3,37,1
23,33,1
7,50,1
22,38,1
2,14,1
45,17,3
15,9,3
20,7,3
38,47,1
24,43,1
9,41,1
30,35,1
23,9,3
24,19,3
50,30,3
41,2,3
14,31,1
45,26,3
41,32,3
25,11,3
17,9,3
46,32,3
25,46,1
32,44,1
8,30,1
5,2,2
45,21,3
48,12,3
7,4,2
23,17,3
3,41,1
13,29,1
29,47,1
34,21,3
46,7,3
49,15,3
29,6,3
32,5,3
6,50,1
45,33,3
43,20,3
4,32,1
21,45,1
13,15,2
35,27,3
33,40,1
43,16,3
29,23,3
37,32,3
50,10,3
39,11,3
35,26,3
30,13,3
43,46,2
10,41,1
22,15,3
18,40,1
11,4,3
45,11,3
30,36,1
11,12,2
17,44,1
36,22,3
47,14,3
21,27,1
2,28,1
21,18,2
6,1,3
40,45,1
29,42,1
8,12,2
38,7,3
24,39,1
34,29,3
14,47,1
34,30,2
13,14,2
16,5,3
42,15,3
15,42,1
39,15,3
19,41,1
45,27,3
15,10,3
24,28,2
39,22,3
35,38,2
19,48,1
48,39,3
28,13,3
39,31,3
29,3,3
22,20,2
37,41,2
16,18,2
7,42,1
42,29,3
3,40,1
14,13,2
44,37,3
8,49,1
1,10,1
34,46,1
35,22,3
45,28,3
43,41,2
50,29,3
28,7,3
3,31,1
16,44,1
25,27,2
50,42,3
9,8,2
2,50,1
38,9,3
41,32,3
49,38,3
15,36,1
34,15,3
48,14,3
45,1,3
22,15,3
45,1,3
34,26,3
29,47,1
24,31,1
36,47,1
32,16,3
44,26,3
44,30,3
45,11,3
25,43,1
34,38,2
36,24,3
9,20,1
7,42,1
42,47,1
27,19,3
18,50,1
45,24,3
40,42,2
15,33,1
32,44,1
15,2,3
3,48,1
37,6,3
22,28,1
29,1,3
43,48,1
27,21,3
30,31,2
39,47,1
5,18,1
20,37,1
45,12,3
43,18,3
34,1,3
13,26,1
34,26,3
46,43,2
2,49,1
47,7,3
43,7,3
30,32,2
50,17,3
46,19,3
35,48,1
13,28,1
33,11,3
33,37,2
41,48,1
29,10,3
25,41,1
37,23,3
25,40,1
27,40,1
31,30,2
42,19,3
35,10,3
46,13,3
39,15,3
26,40,1
28,21,3
40,11,3
15,26,1
37,12,3
35,33,2
3,19,1
42,15,3
16,49,1
20,44,1
9,33,1
33,36,2
8,49,1
41,17,3
28,9,3
41,49,1
6,21,1
12,19,1
11,21,1
8,18,1
45,49,2
30,26,2
24,7,3
6,7,2
39,4,3
23,35,1
7,50,1
4,43,1
17,11,3
36,41,1
34,32,2
21,25,2
47,23,3
15,4,3
44,18,3
44,14,3
5,27,1
40,41,2
46,23,3
23,41,1
48,4,3
29,20,3
4,13,1
47,14,3
25,20,3
22,17,3
46,33,3
38,12,3
41,22,3
29,33,2
8,47,1
41,38,2
22,20,2
41,28,3
32,45,1
8,21,1
43,49,1
40,44,2
44,30,3
13,47,1
26,23,2
25,8,3
21,14,3
41,10,3
20,44,1
43,26,3
5,37,1
34,19,3
2,14,1
37,19,3
38,5,3
30,36,1
20,41,1
40,50,1
28,2,3
18,43,1
15,27,1
12,8,2
24,2,3
26,7,3
27,36,1
18,16,2
10,44,1
19,47,1
11,43,1
39,30,3
15,36,1
13,50,1
14,41,1
6,42,1
29,15,3
15,46,1
16,32,1
3,47,1
16,9,3
23,40,1
8,40,1
30,29,2
46,45,2
12,6,3
39,38,2
29,7,3
46,15,3
18,2,3
41,31,3
2,9,1
29,27,2
38,25,3
30,3,3
36,41,1
44,30,3
43,34,3
12,38,1
19,40,1
26,45,1
49,37,3
2,35,1
31,25,3
45,11,3
15,37,1
50,7,3
18,49,1
39,36,2
2,24,1
32,14,3
20,12,3
7,47,1
14,17,2
18,36,1
12,25,1
4,37,1
4,24,1
1,43,1
33,31,2
2,7,1
10,30,1
18,13,3
21,26,1
22,18,2
8,4,2
13,36,1
2,31,1
31,5,3
21,39,1
1,40,1
13,1,3
18,23,1
8,45,1
3,35,1
12,18,1
41,10,3
5,39,1
7,46,1
22,28,1
33,7,3
11,34,1
6,38,1
10,20,1
10,17,1
29,7,3
3,19,1
44,46,2
17,20,2
4,24,1
11,28,1
20,2,3
36,42,1
35,13,3
37,41,2
11,42,1
19,3,3
41,29,3
8,14,1
11,30,1
9,25,1
6,17,1
4,12,1
17,48,1
42,36,3
12,33,1
33,2,3
45,40,3
42,9,3
29,38,1
44,5,3
9,40,1
22,8,3
12,22,1
42,14,3
37,11,3
42,25,3
8,38,1
6,23,1
33,17,3
49,12,3
47,19,3
43,26,3
39,4,3
49,14,3
1,8,1
36,10,3
38,1,3
10,6,2
25,2,3
15,33,1
15,4,3
45,1,3
15,17,2
21,24,2
12,24,1
25,14,3
1,32,1
4,11,1
48,50,2
20,33,1
30,17,3
10,22,1
21,9,3
37,17,3
30,46,1
33,28,3
31,34,2
47,44,2
12,41,1
50,6,3
32,4,3
35,47,1
50,32,3
40,41,2
36,11,3
8,11,2
41,21,3
1,25,1
37,22,3
41,28,3
8,48,1
7,37,1
39,26,3
48,26,3
13,4,3
41,5,3
24,32,1
26,27,2
9,11,2
28,1,3
50,47,2
31,23,3
14,25,1
43,50,1
45,25,3
42,33,3
9,20,1
19,29,1
16,35,1
47,4,3
2,27,1
49,17,3
13,33,1
4,26,1
13,15,2
41,22,3
31,37,1
20,32,1
25,34,1
36,16,3
30,39,1
30,7,3
29,18,3
37,4,3
28,1,3
41,38,2
35,17,3
25,37,1
20,32,1
25,32,1
34,20,3
26,43,1
12,8,2
11,4,3
31,21,3
37,36,2
16,4,3
42,26,3
3,7,2
11,9,2
46,18,3
50,8,3
39,10,3
17,8,3
7,36,1
20,4,3
32,37,1
12,42,1
41,16,3
30,29,2
24,38,1
25,45,1
49,25,3
2,11,1
3,12,1
39,23,3
26,5,3
26,50,1
15,6,3
17,22,1
46,38,3
13,28,1
36,14,3
48,36,3
15,4,3
31,32,2
3,15,1
19,26,1
40,32,3
4,17,1
27,34,1
23,24,2
40,3,3
11,23,1
23,7,3
5,43,1
43,9,3
13,50,1
3,48,1
50,3,3
1,36,1
13,16,2
42,3,3
5,46,1
10,45,1
17,8,3
38,50,1
38,36,2
21,36,1
39,1,3
50,30,3
35,46,1
31,4,3
21,9,3
50,37,3
21,19,2
48,23,3
14,45,1
50,39,3
16,42,1
8,40,1
50,26,3
26,41,1
33,45,1
17,28,1
39,6,3
9,31,1
33,36,2
31,34,2
29,40,1
23,18,3
31,46,1
41,45,2
36,7,3
5,12,1
43,23,3
23,16,3
12,11,2
37,5,3
9,2,3
12,33,1
11,21,1
24,20,2
48,15,3
16,13,2
27,6,3
19,31,1
45,12,3
35,16,3
40,44,2
34,3,3
6,14,1
26,33,1
21,39,1
49,27,3
3,31,1
32,31,2
27,12,3
9,12,2
42,46,2
28,37,1
50,29,3
18,40,1
40,34,3
34,50,1
11,20,1
39,5,3
35,3,3
12,30,1
35,3,3
5,35,1
12,38,1
26,36,1
34,36,2
31,46,1
44,50,1
24,21,2
48,17,3
6,29,1
44,48,2
37,16,3
2,3,2
11,39,1
35,49,1
50,15,3
32,1,3
44,10,3
44,46,2
43,5,3
4,46,1
2,18,1
24,17,3
4,43,1
22,43,1
9,25,1
1,22,1
4,5,2
22,42,1
43,28,3
8,22,1
40,11,3
14,19,1
45,13,3
10,43,1
2,46,1
10,31,1
40,13,3
22,40,1
30,28,2
2,15,1
7,6,2
22,20,2
42,48,1
25,3,3
17,13,2
16,23,1
19,7,3
2,16,1
5,17,1
29,7,3
30,35,1
2,36,1
36,7,3
50,24,3
7,39,1
6,21,1
22,43,1
10,33,1
19,10,3
45,29,3
25,15,3
38,21,3
35,3,3
20,6,3
14,45,1
48,40,3
16,28,1
48,42,3
21,4,3
48,30,3
6,9,2
37,19,3
42,27,3
13,11,2
43,5,3
13,4,3
2,38,1
46,29,3
20,30,1
19,25,1
48,8,3
38,24,3
5,29,1
7,15,1
44,9,3
28,13,3
41,43,2
32,8,3
46,21,3
17,37,1
29,2,3
13,6,3
17,24,1
28,31,2
7,48,1
4,27,1
4,29,1
29,14,3
11,26,1
34,37,2
45,36,3
23,28,1
39,42,2
43,41,2
17,50,1
28,25,2
23,44,1
47,4,3
20,22,2
1,30,1
47,5,3
49,39,3
24,2,3
32,43,1
3,33,1
24,49,1
50,20,3
30,50,1
49,27,3
44,32,3
19,22,2
37,33,2
31,14,3
48,35,3
47,32,3
20,12,3
30,22,3
22,2,3
43,30,3
44,42,2
17,1,3
20,38,1
24,20,2
49,13,3
21,26,1
23,21,2
15,35,1
9,6,2
25,48,1
44,33,3
20,11,3
49,9,3
33,34,2
10,48,1
34,36,2
48,24,3
43,28,3
27,31,2
15,13,2
23,10,3
26,3,3
11,31,1
8,9,2
32,24,3
13,3,3
28,46,1
8,4,2
18,31,1
29,24,3
1,21,1
30,33,2
10,3,3
18,30,1
18,15,2
21,45,1
49,45,2
29,23,3
45,44,2
17,30,1
4,17,1
5,22,1
34,11,3
3,6,2
9,3,3
32,21,3
7,47,1
15,35,1
44,12,3
49,46,2
14,41,1
13,49,1
10,19,1
45,23,3
31,28,2
42,43,2
39,24,3
28,9,3
9,50,1
12,8,2
42,11,3
48,9,3
32,37,1
33,4,3
21,11,3
47,7,3
4,35,1
2,17,1
12,37,1
23,49,1
42,21,3
25,27,2
10,2,3
28,15,3
16,13,2
5,50,1
19,28,1
35,7,3
31,8,3
13,2,3
29,41,1
30,11,3
35,21,3
7,23,1
24,12,3
14,20,1
18,3,3
8,30,1
38,25,3
15,29,1
49,19,3
21,41,1
44,46,2
5,21,1
22,33,1
36,24,3
34,10,3
11,46,1
31,13,3
43,29,3
27,23,2
29,21,3
49,16,3
38,10,3
24,13,3
45,4,3
48,49,2
46,36,3
32,48,1
31,47,1
26,24,2
16,13,2
3,33,1
34,7,3
11,36,1
17,46,1
16,26,1
38,25,3
25,14,3
43,34,3
16,15,2
12,41,1
18,49,1
43,26,3
31,25,3
4,18,1
37,49,1
4,32,1
48,12,3
45,17,3
18,19,2
44,19,3
41,30,3
13,5,3
48,18,3
48,28,3
50,16,3
11,25,1
25,18,3
49,22,3
6,15,1
10,24,1
37,43,1
14,18,2
48,11,3
11,40,1
32,28,2
50,7,3
4,44,1
3,17,1
5,50,1
37,41,2
15,28,1
17,38,1
42,49,1
11,16,1
40,14,3
8,27,1
21,29,1
39,48,1
45,33,3
8,21,1
27,19,3
9,30,1
37,17,3
24,11,3
11,9,2
8,21,1
33,42,1
18,47,1
9,48,1
35,24,3
18,1,3
10,39,1
23,40,1
45,39,3
13,12,2
43,13,3
1,24,1
25,31,1
20,48,1
7,11,2
2,17,1
2,24,1
26,7,3
42,38,2
45,40,3
28,43,1
48,44,2
26,22,2
9,8,2
13,12,2
23,42,1
17,48,1
27,38,1
32,10,3
3,6,2
47,20,3
2,46,1
17,45,1
47,5,3
34,5,3
39,9,3
44,41,2
43,37,3
39,28,3
24,25,2
19,50,1
17,40,1
33,50,1
21,45,1
50,37,3
20,18,2
39,50,1
11,1,3
4,33,1
14,32,1
12,32,1
33,9,3
28,15,3
26,40,1
36,18,3
9,50,1
28,6,3
46,11,3
17,21,2
21,12,3
21,44,1
3,24,1
23,13,3
35,12,3
24,11,3
36,33,2
16,9,3
15,43,1
14,10,2
47,36,3
7,34,1
16,7,3
48,10,3
1,23,1
39,12,3
37,16,3
31,26,3
11,38,1
19,49,1
10,50,1
42,41,2
50,19,3
6,22,1
37,46,1
25,11,3
7,37,1
27,44,1
15,4,3
10,33,1
48,21,3
8,39,1
7,11,2
31,11,3
50,29,3
19,30,1
41,49,1
1,4,2
41,16,3
9,17,1
11,8,2
9,41,1
38,1,3
16,41,1
50,16,3
41,20,3
37,27,3
30,47,1
12,22,1
29,30,2
38,2,3
27,30,2
5,17,1
23,15,3
10,13,2
47,19,3
8,5,2
36,11,3
44,36,3
22,49,1
27,46,1
47,25,3
17,33,1
49,34,3
33,47,1
11,18,1
3,34,1
17,48,1
41,19,3
10,43,1
3,26,1
11,44,1
42,8,3
19,35,1
47,43,2
21,35,1
36,1,3
10,20,1
38,47,1
3,2,2
32,34,2
39,43,2
8,37,1
41,35,3
38,27,3
5,6,2
40,15,3
4,27,1
48,49,2
34,50,1
42,36,3
50,17,3
2,48,1
27,50,1
9,7,2
20,32,1
37,38,2
38,21,3
29,18,3
13,34,1
30,24,3
48,45,2
48,47,2
27,35,1
43,15,3
8,46,1
44,33,3
7,35,1
21,29,1
19,17,2
13,35,1
16,7,3
24,45,1
5,25,1
23,6,3
46,47,2
5,26,1
41,46,1
16,47,1
38,10,3
33,8,3
35,47,1
32,25,3
49,21,3
38,11,3
35,9,3
27,31,2
26,22,2
25,32,1
45,50,1
14,12,2
25,39,1
39,46,1
8,49,1
26,7,3
36,48,1
41,43,2
28,14,3
2,10,1
24,23,2
39,22,3
50,9,3
15,7,3
32,43,1
23,5,3
2,9,1
4,1,2
42,19,3
48,28,3
48,20,3
35,2,3
49,42,3
10,37,1
44,46,2
24,9,3
9,20,1
22,24,2
40,29,3
8,4,2
38,2,3
3,19,1
10,1,3
10,21,1
9,16,1
25,11,3
43,30,3
2,6,2
3,39,1
49,11,3
29,12,3
26,3,3
32,15,3
18,19,2
34,15,3
34,6,3
48,29,3
26,24,2
37,16,3
50,36,3
3,48,1
47,4,3
47,14,3
13,31,1
33,5,3
21,41,1
43,44,2
45,46,2
44,5,3
13,41,1
18,16,2
20,38,1
13,27,1
7,23,1
36,19,3
32,46,1
14,39,1
39,19,3
13,30,1
13,1,3
2,22,1
33,36,2
26,34,1
9,20,1
21,15,3
15,29,1
28,44,1
21,4,3
1,38,1
38,11,3
21,12,3
41,34,3
30,5,3
11,30,1
47,38,3
24,9,3
24,31,1
13,28,1
11,6,3
2,28,1
48,28,3
31,8,3
1,29,1
49,31,3
8,5,2
40,20,3
18,47,1
4,22,1
41,21,3
49,14,3
12,1,3
49,43,3
41,20,3
10,5,3
22,35,1
43,31,3
11,35,1
23,40,1
44,38,3
11,23,1
17,25,1
36,24,3
1,29,1
40,39,2
46,24,3
34,37,2
46,9,3
12,18,1
50,5,3
39,7,3
8,37,1
9,4,3
3,6,2
21,20,2
11,46,1
31,44,1
7,48,1
26,18,3
8,24,1
24,12,3
31,49,1
19,2,3
19,23,2
6,16,1
40,46,1
23,36,1
35,46,1
20,6,3
1,29,1
6,42,1
44,23,3
5,15,1
49,25,3
19,28,1
49,33,3
50,30,3
50,46,2
24,29,1
31,26,3
7,25,1
35,16,3
43,32,3
16,28,1
6,21,1
11,24,1
21,18,2
43,39,2
35,5,3
47,43,2
34,46,1
41,44,2
37,5,3
6,22,1
42,32,3
36,28,3
36,41,1
8,49,1
5,34,1
16,3,3
11,35,1
38,48,1
7,41,1
50,38,3
23,41,1
15,43,1
24,35,1
3,29,1
17,9,3
32,28,2
18,2,3
31,20,3
10,43,1
37,28,3
6,24,1
16,14,2
9,15,1
46,22,3
34,25,3
18,1,3
3,10,1
44,32,3
19,42,1
10,1,3
26,16,3
33,9,3
35,49,1
38,29,3
8,24,1
25,14,3
46,30,3
42,24,3
45,49,2
6,31,1
19,18,2
23,26,2
39,49,1
23,43,1
49,17,3
33,46,1
34,5,3
16,10,3
5,4,2
30,24,3
10,41,1
48,3,3
42,8,3
33,26,3
44,1,3
37,49,1
50,24,3
25,22,2
25,15,3
3,14,1
18,31,1
18,22,2
37,43,1
50,32,3
16,45,1
25,9,3
14,41,1
14,48,1
24,43,1
28,22,3
35,21,3
47,45,2
43,22,3
15,28,1
50,26,3
33,8,3
2,49,1
35,2,3
20,42,1
17,44,1
43,41,2
26,43,1
8,44,1
31,29,2
29,21,3
5,32,1
28,36,1
30,23,3
15,33,1
36,17,3
46,28,3
22,18,2
49,5,3
34,32,2
22,16,3
18,30,1
8,9,2
3,19,1
24,25,2
31,30,2
24,50,1
27,17,3
47,43,2
50,8,3
11,31,1
28,44,1
5,34,1
17,36,1
27,23,2
14,40,1
24,21,2
42,19,3
13,34,1
35,26,3
20,43,1
16,46,1
24,42,1
42,15,3
44,23,3
37,18,3
23,30,1
5,28,1
1,43,1
36,12,3
8,37,1
50,37,3
20,47,1
47,23,3
35,36,2
30,44,1
4,16,1
2,30,1
44,1,3
46,18,3
48,35,3
25,26,2
39,25,3
38,20,3
5,26,1
43,40,2
24,31,1
18,39,1
34,30,2
47,1,3
36,10,3
11,22,1
14,47,1
15,17,2
4,45,1
11,47,1
44,24,3
10,13,2
29,35,1
22,41,1
30,6,3
25,48,1
26,19,3
44,36,3
7,23,1
32,28,2
41,30,3
26,38,1
20,17,2
4,19,1
20,43,1
7,27,1
27,2,3
36,27,3
11,10,2
11,37,1
16,47,1
47,33,3
40,38,2
18,42,1
43,7,3
39,24,3
28,21,3
47,34,3
47,1,3
2,35,1
32,38,1
7,8,2
7,29,1
40,8,3
14,47,1
8,40,1
33,21,3
26,6,3
11,10,2
39,32,3
23,12,3
26,18,3
35,10,3
44,16,3
19,50,1
43,9,3
31,1,3
34,8,3
12,29,1
22,24,2
6,41,1
25,10,3
41,9,3
32,46,1
8,28,1
31,28,2
50,33,3
31,35,2
7,32,1
9,45,1
42,11,3
35,50,1
35,21,3
25,46,1
15,28,1
6,46,1
27,19,3
35,34,2
1,16,1
33,25,3
41,16,3
9,26,1
48,4,3
22,1,3
6,11,1
6,19,1
2,6,2
44,25,3
30,37,1
47,20,3
44,42,2
47,32,3
30,23,3
7,12,1
9,7,2
36,32,2
26,39,1
50,19,3
47,3,3
12,40,1
34,37,2
25,13,3
6,11,1
12,27,1
29,14,3
9,19,1
47,22,3
10,26,1
1,34,1
30,39,1
21,28,1
13,8,3
26,3,3
35,18,3
40,46,1
24,37,1
49,23,3
43,47,2
30,2,3
13,6,3
49,27,3
34,42,1
18,42,1
32,47,1
1,45,1
10,18,1
9,19,1
4,5,2
39,47,1
9,20,1
5,36,1
29,40,1
29,50,1
38,18,3
23,30,1
6,12,1
9,43,1
5,7,2
10,6,2
47,23,3
13,31,1
41,32,3
27,35,1
37,29,3
28,18,3
21,41,1
45,21,3
44,29,3
37,15,3
31,40,1
12,42,1
5,7,2
30,48,1
10,47,1
14,39,1
48,9,3
5,6,2
32,41,1
41,50,1
47,44,2
32,34,2
17,33,1
5,26,1
11,16,1
10,23,1
42,24,3
26,40,1
43,23,3
27,37,1
1,9,1
40,10,3
3,49,1
36,10,3
15,11,2
1,38,1
37,1,3
26,11,3
27,47,1
26,33,1
29,5,3
27,30,2
14,2,3
12,37,1
4,48,1
6,40,1
16,24,1
17,33,1
5,46,1
11,20,1
3,2,2
9,14,1
38,6,3
50,43,3
4,27,1
14,26,1
46,23,3
2,28,1
35,12,3
34,33,2
41,17,3
38,10,3
2,31,1
24,9,3
40,39,2
13,23,1
18,24,1
48,40,3
22,9,3
41,11,3
45,46,2
38,31,3
43,48,1
6,36,1
31,33,2
36,47,1
49,39,3
37,6,3
25,45,1
31,32,2
44,20,3
44,18,3
29,46,1
26,47,1
13,5,3
34,33,2
22,9,3
12,50,1
12,34,1
37,30,3
28,5,3
20,6,3
40,3,3
3,49,1
30,28,2
43,17,3
10,27,1
36,7,3
25,37,1
25,21,2
28,25,2
17,28,1
24,6,3
27,39,1
19,16,2
9,27,1
20,48,1
32,14,3
50,26,3
23,18,3
16,15,2
48,34,3
40,5,3
40,25,3
36,32,2
25,46,1
30,14,3
26,30,2
28,44,1
36,33,2
30,8,3
47,35,3
13,49,1
42,6,3
11,23,1
17,24,1
35,5,3
37,13,3
48,21,3
48,42,3
19,7,3
47,37,3
49,34,3
2,1,2
21,43,1
5,26,1
41,3,3
19,3,3
44,30,3
26,25,2
27,21,3
12,44,1
32,33,2
31,46,1
28,14,3
47,16,3
22,15,3
3,19,1
26,36,1
27,12,3
29,9,3
45,9,3
7,20,1
2,48,1
39,33,3
6,14,1
23,47,1
10,25,1
26,46,1
12,3,3
8,24,1
23,1,3
34,25,3
28,5,3
13,42,1
12,14,2
27,31,2
16,28,1
42,36,3
47,45,2
35,39,2
44,7,3
19,4,3
17,27,1
43,46,2
3,15,1
25,27,2
15,28,1
46,33,3
33,5,3
1,26,1
47,30,3
40,49,1
4,5,2
43,12,3
41,24,3
7,32,1
25,24,2
50,40,3
2,31,1
37,2,3
16,20,2
13,35,1
15,18,2
20,18,2
42,39,2
14,49,1
2,6,2
8,46,1
28,17,3
29,22,3
1,15,1
8,21,1
39,8,3
27,2,3
40,36,2
41,50,1
7,10,2
41,33,3
42,17,3
30,5,3
3,4,2
36,12,3
11,36,1
19,45,1
26,46,1
45,6,3
23,27,2
46,40,3
41,33,3
42,12,3
27,16,3
44,11,3
13,3,3
36,23,3
20,7,3
9,47,1
33,8,3
13,15,2
22,19,2
10,6,2
28,9,3
13,9,2
33,22,3
48,41,3
45,26,3
27,26,2
26,42,1
28,27,2
31,1,3
44,47,2
46,20,3
35,6,3
35,18,3
11,27,1
21,8,3
35,22,3
18,43,1
35,1,3
36,11,3
42,18,3
20,48,1
18,14,2
50,35,3
21,44,1
47,46,2
20,34,1
47,38,3
27,48,1
2,18,1
43,12,3
15,19,2
16,46,1
47,35,3
32,34,2
24,25,2
23,36,1
35,22,3
17,23,1
42,49,1
2,36,1
45,8,3
36,23,3
4,25,1
40,21,3
46,29,3
27,5,3
18,41,1
43,47,2
37,35,2
48,30,3
10,21,1
45,17,3
32,15,3
40,17,3
21,4,3
4,25,1
26,15,3
47,4,3
3,8,1
3,6,2
5,8,2
42,29,3
40,7,3
35,27,3
15,45,1
18,21,2
34,35,2
33,13,3
49,17,3
33,35,2
26,23,2
16,27,1
37,12,3
40,6,3
17,16,2
17,40,1
14,4,3
23,2,3
49,10,3
42,33,3
23,28,1
31,6,3
5,35,1
12,31,1
42,49,1
28,18,3
42,43,2
26,16,3
50,28,3
2,26,1
47,38,3
7,31,1
12,1,3
27,24,2
31,10,3
3,44,1
27,33,1
35,34,2
22,31,1
34,14,3
13,39,1
16,37,1
3,26,1
2,4,2
46,42,2
50,30,3
30,27,2
50,11,3
41,1,3
2,38,1
40,46,1
43,47,2
34,2,3
7,43,1
26,27,2
37,41,2
26,34,1
48,12,3
33,26,3
34,30,2
42,4,3
14,27,1
39,2,3
27,8,3
33,43,1
5,17,1
31,38,1
42,30,3
33,17,3
32,29,2
24,11,3
24,35,1
30,24,3
6,2,2
36,32,2
30,20,3
15,5,3
27,50,1
39,35,2
10,40,1
2,25,1
1,23,1
11,40,1
19,13,3
40,18,3
40,27,3
21,22,2
3,27,1
16,33,1
4,43,1
40,47,1
29,11,3
4,37,1
44,3,3
21,19,2
15,24,1
12,38,1
18,48,1
35,4,3
35,49,1
20,8,3
37,46,1
29,26,2
7,30,1
41,40,2
23,6,3
5,22,1
20,13,3
1,45,1
45,42,2
13,47,1
32,40,1
40,17,3
30,32,2
44,21,3
37,24,3
22,2,3
31,35,2
25,44,1
18,40,1
32,16,3
1,10,1
22,13,3
40,28,3
25,19,3
47,46,2
32,38,1
49,24,3
13,7,3
5,2,2
6,36,1
21,38,1
42,28,3
37,48,1
24,47,1
24,10,3
45,3,3
30,6,3
38,42,2
24,10,3
40,4,3
7,34,1
13,32,1
5,15,1
49,40,3
7,12,1
2,37,1
31,25,3
42,32,3
5,30,1
22,15,3
31,6,3
49,14,3
35,47,1
37,4,3
35,40,1
23,25,2
34,1,3
9,38,1
43,4,3
40,10,3
39,46,1
10,39,1
9,35,1
32,48,1
37,46,1
25,15,3
37,39,2
7,12,1
3,27,1
33,40,1
43,42,2
39,19,3
28,32,2
25,16,3
37,4,3
31,44,1
30,41,1
23,19,2
50,45,3
6,17,1
42,43,2
32,40,1
30,29,2
49,14,3
19,1,3
18,33,1
42,40,2
50,36,3
27,5,3
40,4,3
3,11,1
25,47,1
11,34,1
27,32,1
47,4,3
18,16,2
9,23,1
45,20,3
4,11,1
33,27,3
31,30,2
17,41,1
33,21,3
2,32,1
45,26,3
36,14,3
11,36,1
36,31,3
43,23,3
11,37,1
2,30,1
45,47,2
36,11,3
24,47,1
39,2,3
39,30,3
42,13,3
38,20,3
20,30,1
3,26,1
19,35,1
15,34,1
48,32,3
33,8,3
17,5,3
46,34,3
32,45,1
34,21,3
30,38,1
13,4,3
39,45,1
17,7,3
8,7,2
9,44,1
8,30,1
24,35,1
43,1,3
50,23,3
15,6,3
11,15,2
44,19,3
20,37,1
43,32,3
18,11,3
5,39,1
5,10,1
48,46,2
24,13,3
36,40,2
37,28,3
21,15,3
9,4,3
31,14,3
23,27,2
2,49,1
40,47,1
33,8,3
3,16,1
39,48,1
15,49,1
14,11,2
1,32,1
43,14,3
8,7,2
1,26,1
43,1,3
36,38,2
1,33,1
35,32,2
15,35,1
16,21,1
37,4,3
12,22,1
44,6,3
23,14,3
40,30,3
40,31,3
13,30,1
49,10,3
44,38,3
8,22,1
2,31,1
28,11,3
20,41,1
7,8,2
28,17,3
49,45,2
26,11,3
44,13,3
45,26,3
47,43,2
37,28,3
9,27,1
5,27,1
1,45,1
34,17,3
6,29,1
16,46,1
13,26,1
32,3,3
34,26,3
44,29,3
10,12,2
20,48,1
8,12,2
23,45,1
19,39,1
31,13,3
44,27,3
19,33,1
4,9,1
18,32,1
43,22,3
45,5,3
39,31,3
13,30,1
12,13,2
46,21,3
8,17,1
18,1,3
23,3,3
26,18,3
34,33,2
14,31,1
16,27,1
4,8,2
44,24,3
18,31,1
8,22,1
42,47,1
42,48,1
35,4,3
4,13,1
32,8,3
43,24,3
45,18,3
11,50,1
2,49,1
49,1,3
33,31,2
21,25,2
10,11,2
27,6,3
11,7,2
45,2,3
5,38,1
41,27,3
49,28,3
6,23,1
36,50,1
16,20,2
40,46,1
11,8,2
40,33,3
5,26,1
20,8,3
36,8,3
42,21,3
24,14,3
13,28,1
12,33,1
37,26,3
34,44,1
5,32,1
5,37,1
40,50,1
40,26,3
44,41,2
45,46,2
45,49,2
6,42,1
37,29,3
37,17,3
16,26,1
15,19,2
28,44,1
4,5,2
38,8,3
34,39,1
21,20,2
28,45,1
45,48,2
19,32,1
26,5,3
29,7,3
30,28,2
50,40,3
8,10,2
49,18,3
9,33,1
40,37,2
39,44,1
48,12,3
15,26,1
38,36,2
34,46,1
36,33,2
8,7,2
28,31,2
36,7,3
35,4,3
8,12,2
48,30,3
15,1,3
25,23,2
36,13,3
31,32,2
36,43,1
6,28,1
19,35,1
27,40,1
40,37,2
26,16,3
50,38,3
50,29,3
12,5,3
23,26,2
30,22,3
18,15,2
12,32,1
44,33,3
3,7,2
11,50,1
50,26,3
35,5,3
1,25,1
1,40,1
10,21,1
6,32,1
35,16,3
26,50,1
7,23,1
6,43,1
7,33,1
37,17,3
27,48,1
21,45,1
32,13,3
15,42,1
3,6,2
31,4,3
24,34,1
17,22,1
14,12,2
6,1,3
5,46,1
1,5,2
14,29,1
40,17,3
23,8,3
9,44,1
27,2,3
34,22,3
17,8,3
11,35,1
6,4,2
16,36,1
1,9,1
1,22,1
35,15,3
15,8,3
19,12,3
39,9,3
15,37,1
37,45,1
43,36,3
2,38,1
37,19,3
6,23,1
14,41,1
30,4,3
19,28,1
26,12,3
11,24,1
1,13,1
40,18,3
21,49,1
14,12,2
47,8,3
10,30,1
21,18,2
24,7,3
31,44,1
33,11,3
25,34,1
13,41,1
36,14,3
24,21,2
33,40,1
10,41,1
24,47,1
36,43,1
34,20,3
19,30,1
39,48,1
4,18,1
18,16,2
45,41,2
12,33,1
19,25,1
7,20,1
49,25,3
27,42,1
9,2,3
2,34,1
38,46,1
47,35,3
33,20,3
39,17,3
10,47,1
47,32,3
35,1,3
29,21,3
16,39,1
11,35,1
27,4,3
9,10,2
3,17,1
47,41,3
47,5,3
24,38,1
5,32,1
47,5,3
46,25,3
9,5,2
2,23,1
49,10,3
3,36,1
38,48,1
31,20,3
42,45,2
35,11,3
39,43,2
11,13,2
48,40,3
43,19,3
37,41,2
39,43,2
14,38,1
39,9,3
41,21,3
27,7,3
44,43,2
5,7,2
20,39,1
39,50,1
40,38,2
34,10,3
5,28,1
18,13,3
